"year","localities","coltures","persons","houses","animals","ndvi_mean","countpix_q95","gp","max","q95","sum","sum_q95","pop"
1998,0,0,0,0,0,NA,7,125,97.9717706866641,3.52270685387329,97.9717706866641,47.1146554335742,70384.5670525503
1999,0,0,0,0,0,NA,7,128,92.6950625354057,3.9963118524671,92.6950625354057,45.4564602752527,72425.7194970742
2000,0,0,0,0,0,0.10413,6,107,55.6308739746229,2.1073120315212,55.6308739746229,34.5767146865947,74526.0653624894
2001,0,0,0,0,0,0.101947826086957,6,115,64.7890983838181,3.35025144792219,64.7890983838181,37.9278200637707,76687.3212580016
2002,0,0,0,0,0,0.102404347826087,7,130,59.3227581345318,2.32395148936152,59.3227581345318,28.3706165574578,78911.2535744836
2003,0,0,0,0,0,0.103826086956522,8,159,76.8710524285085,2.24590093670806,76.8710524285085,45.8743708527634,81199.6799281436
2004,0,0,0,0,0,0.103895652173913,7,124,46.8728982508919,1.92820444360935,46.8728982508919,27.9652217984409,83554.4706460598
2005,1,0,2250,0,75.5,0.103530434782609,7,138,46.5987606251621,1.38244181459394,46.5987606251621,23.5876238504066,85977.5502947955
2006,0,0,0,0,0,0.103695652173913,7,129,52.7625499110487,2.1529070705875,52.7625499110487,27.0946848752563,88470.8992533446
2007,2,0,1496,0,0,0.104978260869565,6,118,62.2610603072704,2.89091227999245,62.2610603072704,29.7283302185051,91036.5553316916
2008,0,0,0,0,0,0.104191304347826,6,117,52.2008172918802,2.41280121653852,52.2008172918802,27.7575756883118,93676.6154363106
2009,1,0,30,0,29.3,0.103213043478261,8,154,51.7463346743443,1.7093153665651,51.7463346743443,29.7604615200923,96393.2372839636
2010,14,12.8,3391,92,281,0.104082608695652,7,129,77.9155679474201,3.04574341554877,77.9155679474201,30.8820819462234,99188.6411651986
2011,2,0.25,469,62,0,0.105117391304348,7,123,52.7714902409093,2.31290849281867,52.7714902409093,36.6142025109173,102065.111758989
2012,0,0,0,0,0,0.104882608695652,8,148,66.2875584125358,1.88448440837678,66.2875584125358,31.84801318784,105025
2013,3,6,431,10,80,0.105921739130435,7,140,47.6809356365727,1.85555953373581,47.6809356365727,25.2658710942652,108070.725
2014,0,0,0,0,0,0.105034782608696,7,124,44.3708738854558,0.987759534269221,44.3708738854558,23.7714437481305,111204.776025
2015,11,0,1018,2,90.2,0.103795652173913,8,159,70.091606285329,2.20344986235032,70.091606285329,36.0085603670125,114429.714529725
