"year","localities","coltures","persons","houses","animals","ndvi_mean","countpix_q95","gp","max","q95","sum","sum_q95","pop"
1998,0,0,0,0,0,NA,5,98,271.468686252867,11.1886284685135,271.468686252867,77.6608526079278,73027.5493712497
1999,0,0,0,0,0,NA,6,104,322.78268742461,12.1620300265781,322.78268742461,84.9988162693224,76167.7339942134
2000,0,0,0,0,0,0.218685,5,91,182.541810217231,7.11180825651738,182.541810217231,57.2819530382491,79442.9465559646
2001,0,0,0,0,0,0.273880434782609,6,105,228.420970176971,8.31629822346202,228.420970176971,67.6674656140177,82858.9932578711
2002,0,0,0,0,0,0.264,6,107,246.310667577079,10.9729692524358,246.310667577079,96.0190801704139,86421.9299679595
2003,4,0,801,61,0,0.296939130434783,6,105,325.034208677033,12.9962144610756,325.034208677033,109.740163353033,90138.0729565818
2004,0,0,0,0,0,0.265626086956522,5,98,196.419075895728,9.07718171998074,196.419075895728,78.9937417984009,94014.0100937148
2005,0,0,0,0,0,0.317654347826087,5,96,258.956590702199,11.4150669844527,258.956590702199,76.773433288775,98056.6125277445
2006,0,0,0,0,0,0.30559347826087,6,109,252.745765755108,9.69515822828861,252.745765755108,87.6966120887221,102273.046866437
2007,1,0,189,41,0,0.33285652173913,6,108,316.54908448585,15.1246591111233,316.54908448585,126.044656234875,106670.787881694
2008,0,0,0,0,0,0.289139130434783,5,97,226.171337722395,11.0674656008001,226.171337722395,66.9434514982659,111257.631760607
2009,0,0,0,0,0,0.296847826086957,6,112,166.695175145356,7.00093834038366,166.695175145356,53.9871634935078,116041.709926313
2010,2,0,1991,115,0,0.297308695652174,6,106,244.894154221185,11.9097644805908,244.894154221185,77.3156849250459,121031.503453145
2011,0,0,0,0,0,0.301732608695652,6,118,243.56327102858,7.16349595877162,243.56327102858,91.5514530784205,126235.85810163
2012,3,500,22057,513,0,0.306441304347826,6,112,396.455607931382,14.1604586161229,396.455607931382,144.620989526782,131664
2013,1,0,19,0,0,0.26385652173913,6,104,260.538905989503,11.4303155020664,260.538905989503,99.5170651276906,137325.552
2014,0,0,0,0,0,0.277928260869565,5,96,231.946936280709,12.8960100383089,231.946936280709,85.4836874259146,143230.550736
2015,7,0,903,116,0,0.276913043478261,5,86,241.257127837358,13.4727241708521,241.257127837358,75.1560877799988,149389.464417648
