"year","localities","coltures","persons","houses","animals","ndvi_mean","countpix_q95","gp","max","q95","sum","sum_q95","pop"
1998,0,0,0,0,0,NA,5,100,541.360672218114,17.3789273439754,541.360672218114,122.18397825848,190699.500484143
1999,4,160.5,18032,282,0,NA,5,99,634.562791658487,19.3849879646301,634.562791658487,116.168044432727,197564.682501572
2000,0,0,0,0,0,0.21841,5,91,397.69804767515,18.5954255624251,397.69804767515,111.347614583102,204677.011071629
2001,0,0,0,0,0,0.210258695652174,5,95,402.686239710843,12.6944555690072,402.686239710843,106.331493087248,212045.383470207
2002,0,0,0,0,0,0.21520652173913,6,107,447.551161082634,13.4298059576208,447.551161082634,100.664177955281,219679.017275135
2003,0,0,0,0,0,0.214317391304348,5,100,488.676665531395,16.9101140254194,488.676665531395,109.969480414824,227587.46189704
2004,0,0,0,0,0,0.191876086956522,5,98,464.139640251974,14.7289315733043,464.139640251974,109.797243868221,235780.610525333
2005,0,0,0,0,0,0.212439130434783,5,95,498.253783262925,17.8990688371658,498.253783262925,115.705721616745,244268.712504245
2006,1,0,2600,0,0,0.203367391304348,5,97,538.629495031197,18.101190811504,538.629495031197,146.234839708155,253062.386154398
2007,0,0,0,0,0,0.204871739130435,6,108,439.356098992113,16.808437666026,439.356098992113,125.35558274876,262172.632055956
2008,1,0,21,3,0,0.196110869565217,6,105,525.881906675929,16.8236695584384,525.881906675929,124.054557587884,271610.846809971
2009,0,0,0,0,0,0.174017391304348,6,103,336.824325893748,11.4640362761237,336.824325893748,82.2514312917536,281388.83729513
2010,0,0,0,0,0,0.182545652173913,6,114,546.748930788569,16.4718693817746,546.748930788569,128.45188462084,291518.835437754
2011,0,0,0,0,0,0.194130434782609,5,96,389.587113267911,13.2911687428301,389.587113267911,96.2029938047583,302013.513513513
2012,0,0,0,0,0,0.202652173913043,6,107,467.96000391875,19.232198303396,467.96000391875,149.285963613337,312886
2013,0,0,0,0,0,0.210286956521739,6,108,381.346737667177,11.7234917738221,381.346737667177,116.042047236182,324149.896
2014,20,112.5,7656,0,1.2,0.20225652173913,6,109,494.070913858018,15.9146408748627,494.070913858018,156.197376637025,335819.292256
2015,1,0.5,533,58,0,0.199030434782609,6,105,493.609904118716,17.0622683941234,493.609904118716,135.030284786224,347908.786777216
