"year","localities","coltures","persons","houses","animals","ndvi_mean","countpix_q95","gp","max","q95","sum","sum_q95","pop"
1998,0,0,0,0,0,NA,5,89,333.146061155029,13.0724388459884,333.146061155029,98.1377561081965,55775.1347158183
1999,0,0,0,0,0,NA,5,90,332.393198013696,12.5732869112335,332.393198013696,74.7953592044297,58173.4655085985
2000,0,0,0,0,0,0.181955,4,80,239.70631265272,10.6276798864639,239.70631265272,61.928928632403,60674.9245254682
2001,0,0,0,0,0,0.180780434782609,6,110,285.947916034498,10.1093650952177,285.947916034498,85.9025036726456,63283.9462800633
2002,0,0,0,0,0,0.173828260869565,6,104,303.929576393976,12.3038360061604,303.929576393976,120.352783775746,66005.155970106
2003,0,0,0,0,0,0.198884782608696,5,87,373.468231112475,13.4035769414694,373.468231112475,85.355756497279,68843.3776768206
2004,0,0,0,0,0,0.179141304347826,5,89,233.509095543031,8.800337075146,233.509095543031,81.7971074008525,71803.6429169239
2005,0,0,0,0,0,0.197417391304348,5,84,319.441165399747,15.2303560386058,319.441165399747,88.0153467977932,74891.1995623516
2006,0,0,0,0,0,0.191297826086957,5,101,317.094855764865,11.4821394905773,317.094855764865,82.347153750049,78111.5211435327
2007,0,0,0,0,0,0.213434782608696,6,102,340.462229184817,15.717742244229,340.462229184817,136.464630451785,81470.3165527046
2008,0,0,0,0,0,0.191358695652174,5,85,268.948916344146,11.6374220856412,268.948916344146,79.5889684789566,84973.5401644709
2009,0,0,0,0,0,0.17689347826087,6,112,199.104242198219,7.33699737443674,199.104242198219,63.525901277513,88627.4023915431
2010,2,30,222,55,0,0.212323913043478,6,104,343.018511451065,14.0281421395889,343.018511451065,111.306284502604,92438.3806943795
2011,0,0,0,0,0,0.211419565217391,6,105,268.709817631449,11.8927770371,268.709817631449,89.8510005973833,96413.2310642378
2012,2,0,602,7,0,0.22209347826087,6,112,458.849132982469,17.5812140598047,458.849132982469,149.631122226798,100559
2013,1,0,119,0,0,0.200619565217391,5,98,304.134531169596,12.4240991676739,304.134531169596,100.687169839201,104883.037
2014,0,0,0,0,0,0.197730434782609,5,90,273.721095642266,13.5172678899557,273.721095642266,84.5841584642902,109393.007591
2015,0,0,0,0,0,0.193439130434783,5,90,283.393276680386,13.3407516480533,283.393276680386,81.1096374832387,114096.906917413
