"year","localities","coltures","persons","houses","animals","ndvi_mean","countpix_q95","gp","max","q95","sum","sum_q95","pop"
1998,0,0,0,0,0,NA,5,86,313.227370837153,12.4893039464951,313.227370837153,84.5680491700357,126785.018717716
1999,0,0,0,0,0,NA,5,92,361.686788793394,12.4312277957221,361.686788793394,77.6090204043942,132743.914597448
2000,0,0,0,0,0,0.169515,4,76,254.953087114915,13.7951221841475,254.953087114915,70.8266695454634,138982.878583528
2001,0,0,0,0,0,0.173582608695652,6,113,362.150634471917,11.7164761538005,362.150634471917,98.7645998080132,145515.073876954
2002,2,750,1378,66,0,0.173989130434783,6,105,327.124666367203,11.5785120168443,327.124666367203,88.5575013318773,152354.282349171
2003,0,0,0,0,0,0.180758695652174,6,112,416.596973455405,16.2444911569521,416.596973455405,124.789131807359,159514.933619582
2004,0,0,0,0,0,0.170615217391304,5,92,287.673375790878,10.4315238122782,287.673375790878,99.4126183920802,167012.135499702
2005,0,0,0,0,0,0.177734782608696,5,91,347.788542064314,13.5171461856168,347.788542064314,76.9228966143908,174861.705868188
2006,0,0,0,0,0,0.182776086956522,6,108,311.521178727612,10.7351110920722,311.521178727612,92.2139686141883,183080.206043993
2007,0,0,0,0,0,0.173573913043478,6,103,257.327630416171,11.5176213159087,257.327630416171,89.5808730625974,191684.975728061
2008,0,0,0,0,0,0.173373913043478,5,98,332.681663043636,12.9534515471748,332.681663043636,75.2833126104998,200694.169587279
2009,1,0,1043,0,11.11,0.160836956521739,6,110,206.180590691394,6.3800258991468,206.180590691394,46.4302509858463,210126.795557882
2010,7,19,7146,810,164.09,0.181130434782609,5,100,354.387491374054,12.9627824791229,354.387491374054,81.7361665799473,220002.754949102
2011,0,0,0,0,0,0.184489130434783,5,98,308.24739162436,10.9372041168792,308.24739162436,82.6913620082054,230342.88443171
2012,0,0,0,0,0,0.190367391304348,6,105,418.936900203471,13.9333148871996,418.936900203471,106.054821725708,241169
2013,1,0,47,0,0,0.186473913043478,6,113,316.021286041675,12.8324676745504,316.021286041675,117.051344205003,252503.943
2014,2,8,864,0,420.8,0.181873913043478,5,99,288.208779834058,14.1014335990611,288.208779834058,97.8144695007999,264371.628321
2015,0,0,0,0,0,0.180613043478261,5,91,299.096025305008,10.6694863751448,299.096025305008,74.6064046733287,276797.094852087
