"year","localities","coltures","persons","houses","animals","ndvi_mean","countpix_q95","gp","max","q95","sum","sum_q95","pop"
1998,0,0,0,0,0,NA,6,110,418.039379463576,12.5010410884092,418.039379463576,101.165681492451,314404.347665751
1999,1,150,18095,0,41,NA,6,102,513.883324404044,16.2917145765105,513.883324404044,126.247587009918,325722.904181718
2000,0,0,0,0,0,0.20248,5,91,350.730825099176,14.9276907984601,350.730825099176,91.4581003715826,337448.92873226
2001,6,50,889,160,2.2,0.203569565217391,6,118,498.713832419762,15.043835774965,498.713832419762,127.923497333083,349597.090166621
2002,2,100,490,153,0.8,0.204597826086957,7,123,448.784332046927,14.796754500755,448.784332046927,124.754584276399,362182.585412619
2003,2,0,4032,383,0.1,0.211815217391304,6,118,505.632569578542,15.244664510738,505.632569578542,118.023500314979,375221.158487474
2004,0,0,0,0,0,0.200854347826087,6,105,402.46968042724,14.8695689899977,402.46968042724,123.254202950832,388729.120193023
2005,1,0,301,0,0,0.209439130434783,6,104,437.699944724378,14.2672374051671,437.699944724378,110.16040477919,402723.368519972
2006,7,0,2002,286,0,0.202034782608696,6,115,411.432254949134,12.9889448379361,411.432254949134,109.988593661508,417221.409786691
2007,0,0,0,0,0,0.194332608695652,6,119,339.248177579824,9.35688129885251,339.248177579824,100.906856032305,432241.380539012
2008,0,0,0,0,0,0.199326086956522,6,110,434.088664793256,15.2182743826578,434.088664793256,119.409303476644,447802.070238416
2009,0,0,0,0,0,0.184291304347826,7,123,299.337322389265,8.26804984132218,299.337322389265,68.3870732746152,463922.944766999
2010,13,16.5,6618,570,1.6,0.207947826086957,6,120,455.022734434383,13.3710964689421,455.022734434383,101.243132824122,480624.170778611
2011,0,0,0,0,0,0.210702173913043,6,112,406.791373880341,14.6583180814288,406.791373880341,109.066327912863,497926.640926641
2012,0,0,0,0,0,0.223263043478261,6,112,454.567566242262,14.2137155710265,454.567566242262,123.494179492773,515852
2013,26,0,8774,1182,0,0.214813043478261,7,127,408.502922384071,12.9974385935207,408.502922384071,143.346347825472,534422.672
2014,3,0,7805,0,2,0.20810652173913,7,128,364.928775403337,11.0201824211104,364.928775403337,117.962429571983,553661.888192
2015,8,13,1654,90,0.2,0.201634782608696,6,109,357.551834487681,11.0427097686501,357.551834487681,94.123441202696,573593.716166912
