"year","localities","coltures","persons","houses","animals","ndvi_mean","countpix_q95","gp","max","q95","sum","sum_q95","pop"
1998,0,0,0,0,0,NA,7,140,169.674043534909,5.03546498613514,169.674043534909,57.1417856733029,29572.1055549287
1999,0,0,0,0,0,NA,8,150,173.586176097703,4.94298330215834,173.586176097703,56.044890849876,30784.5618826807
2000,0,0,0,0,0,0.1065675,8,145,87.7198729645578,2.9633738308723,87.7198729645578,45.8339279515832,32046.7289198706
2001,0,0,0,0,0,0.106665217391304,8,145,123.974534216925,4.47282916382463,123.974534216925,61.5717430200379,33360.6448055853
2002,0,0,0,0,0,0.106565217391304,8,155,115.656416391999,3.59333192120063,115.656416391999,46.5430748531205,34728.4312426143
2003,0,0,0,0,0,0.107239130434783,9,173,152.653381084788,5.01626909760079,152.653381084788,61.2869973631823,36152.2969235615
2004,0,0,0,0,0,0.107578260869565,8,143,92.9939023181592,3.16307656111115,92.9939023181592,44.4593939854327,37634.5410974275
2005,0,0,0,0,0,0.107026086956522,8,153,120.670230350672,3.58555163338851,120.670230350672,47.956373110059,39177.5572824221
2006,1,0,700,0,0,0.1077,8,147,100.244218462296,2.94440631086625,100.244218462296,39.4724084826848,40783.8371310014
2007,0,0,0,0,0,0.108908695652174,8,151,122.607752253281,3.69453857331984,122.607752253281,55.2854993250368,42455.9744533724
2008,0,0,0,0,0,0.108939130434783,7,139,116.960359392023,3.4026035860845,116.960359392023,38.9487041760613,44196.6694059607
2009,4,0,918,0,652.1,0.108352173913043,9,175,99.5504563684779,2.5291057253019,99.5504563684779,50.7481951757906,46008.7328516051
2010,4,0,6978,263,289.1,0.1097,8,150,140.31129872874,4.2334159097288,140.31129872874,52.9521274084209,47895.0908985209
2011,0,0,0,0,0,0.109808695652174,8,146,110.692750453381,3.73137696753107,110.692750453381,52.330483605967,49858.7896253602
2012,0,0,0,0,0,0.109913043478261,8,157,138.626852046331,3.93575116622554,138.626852046331,47.7193276818898,51903
2013,2,89,1726,231,122.8,0.110747826086957,9,162,106.617617199888,3.46978634923274,106.617617199888,46.9061235725708,54031.023
2014,0,0,0,0,0,0.109926086956522,8,144,88.3422379145384,2.44873047467003,88.3422379145384,32.6941880118817,56246.294943
2015,10,0,1418,155,75,0.108769565217391,10,189,120.286964174228,3.36663158179715,120.286964174228,52.3598015666583,58552.393035663
