"year","localities","coltures","persons","houses","animals","ndvi_mean","countpix_q95","gp","max","q95","sum","sum_q95","pop"
1998,0,0,0,0,0,NA,6,120,404.800426838908,13.1564799741002,404.800426838908,118.16707526833,222301.06531753
1999,0,0,0,0,0,NA,6,115,439.973379458023,12.9554266244112,439.973379458023,101.470299952844,228525.495146421
2000,0,0,0,0,0,0.162635,6,113,346.137691088325,18.4301739562021,346.137691088325,123.826647679499,234924.20901052
2001,0,0,0,0,0,0.162384782608696,6,108,350.980909587264,14.8225442368072,350.980909587264,102.938282211865,241502.086862815
2002,0,0,0,0,0,0.151891304347826,7,124,346.046878106697,10.6731649248878,346.046878106697,133.313620116569,248264.145294974
2003,0,0,0,0,0,0.16155652173913,7,124,415.643280927639,12.8501700391067,415.643280927639,143.28174215153,255215.541363233
2004,0,0,0,0,0,0.147413043478261,6,108,347.978687838154,15.3029354352892,347.978687838154,113.757376602579,262361.576521404
2005,1,200,252,0,3,0.147660869565217,7,129,417.714088688215,12.8262878675402,417.714088688215,123.066167031817,269707.700664003
2006,32,510.5,6323,20,0,0.1523,6,108,306.834884916637,13.8598759031003,306.834884916637,102.638619027011,277259.516282595
2007,7,43.7,560,33,8,0.157482608695652,6,119,376.029826499089,13.9325659667056,376.029826499089,110.725024191148,285022.782738508
2008,0,0,0,0,0,0.157578260869565,6,107,348.239466269739,13.1387407502757,348.239466269739,112.716318026155,293003.420655186
2009,0,0,0,0,0,0.1403,7,126,300.65458389402,10.4459669334025,300.65458389402,92.7392367370777,301207.516433531
2010,52,4636.6,1867,286,438.1,0.145308695652174,7,137,383.646883316003,13.5473869862001,383.646883316003,109.525029850396,309641.32689367
2011,11,67,104,37,12,0.153282608695652,6,115,268.619418397393,9.70495812902665,268.619418397393,86.3357105484282,318311.284046693
2012,4,1794,15813,946,224.6,0.147665217391304,7,128,456.872024437538,14.5027271645932,456.872024437538,150.887810920645,327224
2013,67,391,15343,1064,0,0.155671739130435,7,139,375.281908800558,16.8716948454609,375.281908800558,151.473794910805,336386.272
2014,9,136.5,2817,0,12.8,0.154073913043478,7,127,343.650968219257,15.3661086772848,343.650968219257,128.608718266029,345805.087616
2015,1,0,0,0,0,0.152126086956522,6,121,371.577223589322,14.4400517448082,371.577223589322,109.711502656371,355487.630069248
