"year","localities","coltures","persons","houses","animals","ndvi_mean","countpix_q95","gp","max","q95","sum","sum_q95","pop"
1998,0,0,0,0,0,NA,5,89,521.869490339297,16.7681878793435,521.869490339297,124.15667584685,154042.480292491
1999,0,0,0,0,0,NA,5,95,617.643792719422,19.8288460966016,617.643792719422,112.412388027691,159279.924622436
2000,0,0,0,0,0,0.200945,4,79,464.623414967343,18.9766172330887,464.623414967343,92.5874400686045,164695.442059599
2001,3,82.5,868,83,0.2,0.206891304347826,6,106,608.38171530406,20.6504894397298,608.38171530406,161.615378364188,170295.087089625
2002,0,0,0,0,0,0.2069,6,106,487.333941362237,18.3373876985956,487.333941362237,127.533607357838,176085.120050673
2003,0,0,0,0,0,0.22110652173913,5,100,616.413129681311,18.6513445424252,616.413129681311,116.14813119857,182072.014132395
2004,0,0,0,0,0,0.212678260869565,5,96,446.370535388707,14.3105589952625,446.370535388707,104.482036731282,188262.462612897
2005,0,0,0,0,0,0.224919565217391,5,86,505.17211241372,18.5735234119853,505.17211241372,106.010431352209,194663.386341735
2006,0,0,0,0,0,0.208569565217391,5,100,516.470901695906,19.4102274886897,516.470901695906,119.804960626071,201281.941477354
2007,0,0,0,0,0,0.20005,5,98,410.017671038692,12.8364086151123,410.017671038692,119.013753124925,208125.527487584
2008,0,0,0,0,0,0.201732608695652,5,95,437.442628365043,13.7548937750644,437.442628365043,108.393898244764,215201.795422162
2009,0,0,0,0,0,0.198126086956522,5,101,366.645928436684,9.47748286606835,366.645928436684,73.9848922276106,222518.656466516
2010,5,25,910,66,2.6,0.216041304347826,6,106,559.266796024768,17.80279161891,559.266796024768,130.245263037134,230084.290786377
2011,0,0,0,0,0,0.216313043478261,5,97,453.187539582525,16.4725475092403,453.187539582525,106.965813230296,237907.156673114
2012,0,0,0,0,0,0.22539347826087,6,104,520.087677197025,16.2584904139159,520.087677197025,117.569936455273,245996
2013,20,0,10387,1199,0.2,0.223673913043478,6,104,473.500349844535,17.5299141555536,473.500349844535,164.882344214643,254359.864
2014,3,0,1095,0,0,0.212345652173913,6,111,448.92445088142,14.3174961668546,448.92445088142,123.151881624441,263008.099376
2015,5,50.5,1160,36,0,0.199486956521739,5,96,449.87954251349,14.7814827786117,449.87954251349,87.1456837654114,271950.374754784
