"year","localities","coltures","persons","houses","animals","ndvi_mean","countpix_q95","gp","max","q95","sum","sum_q95","pop"
1998,0,0,0,0,0,NA,6,112,692.920628767535,20.3602367566556,692.920628767535,149.726469798964,74093.3087791556
1999,0,0,0,0,0,NA,6,112,737.439375883904,19.7757465075473,737.439375883904,160.302747181484,75871.5481898553
2000,0,0,0,0,0,0.27871,6,104,597.090178164658,20.5575769998589,597.090178164658,144.481327777006,77692.4653464118
2001,0,0,0,0,0,0.279865217391304,5,100,632.772704211729,20.3571721913863,632.772704211729,155.183758560492,79557.0845147257
2002,0,0,0,0,0,0.287628260869565,6,103,720.378823133063,22.4331304297155,720.378823133063,164.906666658363,81466.4545430791
2003,0,0,0,0,0,0.270054347826087,6,112,759.26256821562,20.4055771720653,759.26256821562,158.554736604496,83421.649452113
2004,0,0,0,0,0,0.26630652173913,6,111,610.87278985876,19.2608624477776,610.87278985876,145.335104942322,85423.7690389637
2005,0,0,0,0,0,0.273897826086957,6,113,704.26485056648,19.8232612454161,704.26485056648,147.58178934759,87473.9394958988
2006,0,0,0,0,0,0.27425652173913,5,94,626.570753379188,20.932225717817,626.570753379188,157.696592058454,89573.3140438004
2007,0,0,0,0,0,0.271160869565217,6,108,670.72601806631,22.952239568866,670.72601806631,187.090168622075,91723.0735808516
2008,0,0,0,0,0,0.267565217391304,6,112,671.314419098056,18.0469560730214,671.314419098056,180.865769892323,93924.4273467921
2009,0,0,0,0,0,0.256876086956522,7,124,580.286104673965,17.5888930291546,580.286104673965,147.800748747222,96178.6136031151
2010,2,12.65,67,12,0,0.278980434782609,7,129,758.864532004148,19.0197541956999,758.864532004148,186.468265650224,98486.9003295898
2011,0,0,0,0,0,0.256608695652174,5,101,541.713032660859,16.4468266039479,541.713032660859,121.192565158922,100850.5859375
2012,13,775.5,3041,671,0,0.267623913043478,6,112,735.675445222374,24.5096496037074,735.675445222374,199.74606790348,103271
2013,16,566,10027,486,4,0.261817391304348,6,120,621.296432141159,21.3402905035992,621.296432141159,188.867902619498,105749.504
2014,0,0,0,0,0,0.265478260869565,7,129,624.568259438919,18.1839521018826,624.568259438919,173.201419071275,108287.492096
2015,2,0,928,144,0,0.246389130434783,6,109,611.646854944413,16.1741685906235,611.646854944413,153.969150698915,110886.391906304
