"year","localities","coltures","persons","houses","animals","ndvi_mean","countpix_q95","gp","max","q95","sum","sum_q95","pop"
1998,0,0,0,0,0,NA,5,93,472.76703183178,18.7943936165343,472.76703183178,135.582136346939,73780.4177415413
1999,0,0,0,0,0,NA,5,84,506.199833959277,16.3749438427864,506.199833959277,103.929464441665,75772.4890205629
2000,0,0,0,0,0,0.22264,4,79,382.717918229372,15.6152803136947,382.717918229372,87.0597979565884,77818.3462241181
2001,0,0,0,0,0,0.211873913043478,5,82,453.424502319064,17.0680574153332,453.424502319064,102.144758082451,79919.4415721692
2002,0,0,0,0,0,0.2148,5,88,401.658192709669,14.9935123342149,401.658192709669,105.969198450129,82077.2664946178
2003,0,0,0,0,0,0.226747826086957,4,74,441.441121240257,17.3549265344092,441.441121240257,111.018167495728,84293.3526899725
2004,0,0,0,0,0,0.217213043478261,4,81,401.859227622364,17.7162469092836,401.859227622364,94.651725038569,86569.2732126017
2005,0,0,0,0,0,0.216917391304348,5,88,440.903101243203,15.1982919855321,440.903101243203,105.390819285778,88906.643589342
2006,11,319.2,357,0,0,0.226823913043478,4,76,425.948278311734,20.8416345373113,425.948278311734,97.2563213186061,91307.1229662542
2007,0,0,0,0,0,0.21195652173913,5,91,472.77399536043,18.1631013586166,472.77399536043,112.451119179421,93772.415286343
2008,0,0,0,0,0,0.222826086956522,5,91,406.309646376825,17.2958524683689,406.309646376825,115.889686239527,96304.2704990743
2009,0,0,0,0,0,0.223078260869565,5,87,394.42211940021,16.3058172043334,394.42211940021,95.8169375784854,98904.4858025493
2010,5,42.5,840,0,0,0.212004347826087,5,97,491.448910085532,19.5730220957005,491.448910085532,111.922370078716,101574.906919218
2011,1,10.56,693,6,0.52,0.217965217391304,4,73,299.44496010604,13.0833613700055,299.44496010604,73.0539750241219,104317.429406037
2012,1,385,2128,7,0,0.215786956521739,4,81,461.434650764699,18.5651021308087,461.434650764699,116.709709066026,107134
2013,0,0,0,0,0,0.226795652173913,5,92,432.881315932801,15.4243932186289,432.881315932801,148.926778103443,110026.618
2014,23,1939.35,10428,0,1.53,0.229802173913044,5,83,399.954220759933,18.9291112514252,399.954220759933,108.809098791569,112997.336686
2015,0,0,0,0,0,0.21705,5,92,441.653708392398,16.8449610821744,441.653708392398,103.198425171223,116048.264776522
