"year","localities","coltures","persons","houses","animals","ndvi_mean","countpix_q95","gp","max","q95","sum","sum_q95","pop"
1998,0,0,0,0,0,NA,6,117,486.655477052204,14.3302299335303,486.655477052204,134.186837401611,286794.926135718
1999,1,0,49,1,0,NA,6,104,582.299616733505,18.595218850761,582.299616733505,145.430254250962,300274.287664097
2000,0,0,0,0,0,0.1965625,5,92,392.703089618362,16.4674591383397,392.703089618362,102.037047641956,314387.17918431
2001,1,0,0,0,0,0.188008695652174,6,107,536.170688813991,17.4678426717291,536.170688813991,144.916324122852,329163.376605972
2002,1,0,560,78,0,0.199228260869565,6,109,447.901426148927,15.3951319056631,447.901426148927,106.093800708948,344634.055306453
2003,3,0,2433,215,8.4,0.20914347826087,5,101,485.657870441678,18.226643101269,485.657870441678,97.7282570339986,360831.855905856
2004,0,0,0,0,0,0.196739130434783,5,98,453.143212047159,16.9108057037884,453.143212047159,99.4532409187974,377790.953133431
2005,1,0,420,0,0,0.209147826086957,5,100,471.766894030327,16.4990161245232,471.766894030327,116.6220160478,395547.127930703
2006,9,346.5,2653,16,6.53,0.193304347826087,6,116,516.937010670207,17.9970760400722,516.937010670207,163.299674754111,414137.842943445
2007,6,57.5,3630,227,1.5,0.191397826086957,6,103,437.584475345564,21.3131514233469,437.584475345564,158.059770274636,433602.321561787
2008,1,0,217,24,0,0.193147826086957,6,110,423.114496805867,14.3395227738564,423.114496805867,94.1711482906973,453981.630675191
2009,5,404,3959,0,0.32,0.174508695652174,7,124,303.430438213499,9.5594847327826,303.430438213499,84.0401016386929,475318.767316925
2010,5,0,1434,76,0,0.184445652173913,6,115,541.579920135402,17.832545310772,541.579920135402,127.87014368512,497658.749380821
2011,0,0,0,0,0,0.204947826086957,5,95,391.274433580744,14.5920900070115,391.274433580744,104.715039714283,521048.710601719
2012,0,0,0,0,0,0.204386956521739,6,111,459.309227206892,17.7000497382208,459.309227206892,134.516742422091,545538
2013,5,10,3812,382,0,0.20814347826087,6,120,369.145355170033,9.80247677130414,369.145355170033,107.306214342054,571178.286
2014,0,0,0,0,0,0.19455652173913,7,126,456.039531381445,13.1457646122042,456.039531381445,160.381818300841,598023.665442
2015,10,930.5,1471,70,0,0.19044347826087,6,104,413.233909265836,15.6175485656751,413.233909265836,110.997965758999,626130.777717774
