"year","localities","coltures","persons","houses","animals","ndvi_mean","countpix_q95","gp","max","q95","sum","sum_q95","pop"
1998,0,0,0,0,0,NA,6,104,564.057335138086,22.8604149209335,564.057335138086,178.137045700103,141083.705628368
1999,0,0,0,0,0,NA,6,103,536.48264373353,17.6140872471034,536.48264373353,129.860059309751,146585.970147874
2000,0,0,0,0,0,0.18191,6,105,415.944170727119,19.9563588276505,415.944170727119,145.371761545539,152302.822983641
2001,0,0,0,0,0,0.1905,6,108,427.049816387804,17.5888875287026,427.049816387804,129.797456823289,158242.633080003
2002,0,0,0,0,0,0.183123913043478,6,105,420.975794410467,15.6269585594535,420.975794410467,132.637667220086,164414.095770123
2003,0,0,0,0,0,0.191421739130435,7,125,589.690245666992,20.0932059794664,589.690245666992,190.255520276725,170826.245505158
2004,0,0,0,0,0,0.18715652173913,5,93,419.203249513715,19.2487821266055,419.203249513715,122.678382948041,177488.469079859
2005,0,0,0,0,0,0.19375,6,114,524.474031071522,14.8648503145203,524.474031071522,125.553219437599,184410.519373973
2006,0,0,0,0,0,0.18795652173913,6,105,374.936257786292,12.886925175041,374.936257786292,110.289732154459,191602.529629558
2007,13,9.4,4673,296,0,0.185063043478261,6,103,475.69069742806,19.390841211006,475.69069742806,141.261751484126,199075.028285111
2008,0,0,0,0,0,0.186547826086957,6,111,430.774399645103,14.2149168476462,430.774399645103,115.118913933635,206838.95438823
2009,0,0,0,0,0,0.177228260869565,6,115,379.826789557078,14.9365177229047,379.826789557078,102.835483886302,214905.673609371
2010,20,616,11417,331,6.5,0.173171739130435,7,122,463.898574572093,13.8268061693758,463.898574572093,133.195666357875,223286.994880137
2011,5,1.5,446,6,0,0.174236956521739,6,106,343.997537180383,10.990592667833,343.997537180383,107.223250210285,231995.187680462
2012,2,490,3388,693,0.2,0.175395652173913,6,116,561.219759955466,20.4716787878424,561.219759955466,150.576834224164,241043
2013,13,42,1727,295,0,0.181836956521739,6,117,482.479340365662,19.6367446690798,482.479340365662,159.735894724727,250443.677
2014,0,0,0,0,0,0.175173913043478,6,108,435.192927775675,17.7921303663403,435.192927775675,144.628110956401,260210.980403
2015,2,0,497,98,0.4,0.187245652173913,6,115,522.401517413879,18.7673139736056,522.401517413879,153.5403720662,270359.208638717
