"year","localities","coltures","persons","houses","animals","ndvi_mean","countpix_q95","gp","max","q95","sum","sum_q95","pop"
1998,0,0,0,0,0,NA,4,71,396.144553443071,17.6483189225197,396.144553443071,79.0859690189362,49688.3088158918
1999,0,0,0,0,0,NA,4,73,377.623108220464,14.1382381486893,377.623108220464,62.2133777022362,51626.1528597116
2000,0,0,0,0,0,0.13646,4,76,324.882834673492,15.3870845377445,324.882834673492,79.3999437093735,53639.5728212403
2001,0,0,0,0,0,0.13445,4,62,390.076885840001,23.0348488748073,390.076885840001,100.979279136658,55731.5161612687
2002,0,0,0,0,0,0.135741304347826,4,63,355.375650083658,20.0155559301376,355.375650083658,93.3786911249161,57905.0452915581
2003,0,0,0,0,0,0.138423913043478,5,88,408.575350787389,13.6257212913036,408.575350787389,96.0557640552521,60163.3420579289
2004,0,0,0,0,0,0.129013043478261,4,74,285.48112107212,14.0676849204302,285.48112107212,73.5577737927437,62509.7123981881
2005,0,0,0,0,0,0.130476086956522,4,79,422.69387273171,17.6154644298553,422.69387273171,80.1921514391899,64947.5911817174
2006,0,0,0,0,0,0.13649347826087,4,79,289.723674512992,11.9221209561825,289.723674512992,83.811843919754,67480.5472378044
2007,0,0,0,0,0,0.142219565217391,4,79,370.819804824052,14.5698005497456,370.819804824052,84.7289635300636,70112.2885800788
2008,0,0,0,0,0,0.137308695652174,4,71,328.377220286423,15.5580351114273,328.377220286423,89.1179167985916,72846.6678347018
2009,0,0,0,0,0,0.120065217391304,4,80,303.300522935752,14.1835064733028,303.300522935752,73.0208086013794,75687.6878802552
2010,0,0,0,0,0,0.120676086956522,5,90,353.966091462622,12.7629762917757,353.966091462622,73.6957633793354,78639.5077075851
2011,0,0,0,0,0,0.123232608695652,4,76,324.481562845918,12.3181479275227,324.481562845918,69.6682070255279,81706.4485081809
2012,0,0,0,0,0,0.124434782608696,5,83,444.998169272675,16.3263772249222,444.998169272675,94.6022996664047,84893
2013,0,0,0,0,0,0.131769565217391,5,90,381.673450806708,15.9128829973936,381.673450806708,97.1156727313995,88203.827
2014,0,0,0,0,0,0.131213043478261,4,79,340.68221223042,15.8311656355858,340.68221223042,94.5524954557419,91643.776253
2015,0,0,0,0,0,0.133397826086957,4,74,409.883212014987,17.9401181483268,409.883212014987,94.3854439496994,95217.883526867
