"year","localities","coltures","persons","houses","animals","ndvi_mean","countpix_q95","gp","max","q95","sum","sum_q95","pop"
1998,43,216,27135,3263,100.5,NA,5,82,861.314959413892,27.2761978906744,861.314959413892,207.236694560331,688162.360473955
1999,0,0,0,0,0,NA,4,79,625.786986744415,21.5058390897863,625.786986744415,105.688572603114,708119.0689277
2000,13,69.6,3872,685,0,0.21418,4,73,481.836958552646,23.529693031311,481.836958552646,118.21194637523,728654.521926603
2001,0,0,0,0,0,0.206634782608696,4,74,512.761309534585,19.4307195803698,512.761309534585,105.245549145867,749785.503062475
2002,0,0,0,0,0,0.223091304347826,4,70,487.147874114939,18.4702057389652,487.147874114939,103.613678427304,771529.282651286
2003,0,0,0,0,0,0.226169565217391,4,81,517.794396214883,22.3793915019316,517.794396214883,127.055350808536,793903.631848174
2004,0,0,0,0,0,0.226436956521739,4,75,473.253024501253,20.2928842264063,473.253024501253,98.9900802163517,816926.83717177
2005,0,0,0,0,0,0.22550652173913,5,90,598.989293254912,18.0687035224017,598.989293254912,116.761977420134,840617.715449752
2006,3,58,561,0,0,0.220189130434783,4,70,456.227157476926,19.3229430591359,456.227157476926,89.4371803508085,864995.629197794
2007,0,0,0,0,0,0.218817391304348,5,85,558.724726001927,25.5072153203628,558.724726001927,146.547221015481,890080.502444531
2008,0,0,0,0,0,0.215817391304348,4,76,487.645271195825,18.8088733588948,487.645271195825,107.282189257005,915892.837015422
2009,0,0,0,0,0,0.205419565217391,4,78,467.939090495422,17.4045748402091,467.939090495422,93.4252820295446,942453.729288869
2010,14,501,17624,392,0,0.202239130434783,5,89,595.983775570852,23.8986498664407,595.983775570852,137.815688301535,969784.887438246
2011,0,0,0,0,0,NA,3,60,356.038221211994,17.0555025745841,356.038221211994,60.4265473309685,997908.649173955
2012,5,573.5,45464,7766,0,0.204908695652174,5,84,627.129741359316,22.5146108487073,627.129741359316,146.070270762724,1026848
2013,70,91.28,65037,8392,27.8,0.22715652173913,4,79,541.441087993627,27.6686463412117,541.441087993627,138.95162896549,1056626.592
2014,7,2,721,0,0,0.222269565217391,4,71,509.040210232333,21.4470708510455,509.040210232333,99.9214462953455,1087268.763168
2015,3,0,1083,60,0,NA,5,83,536.285579587826,21.079603060554,536.285579587826,131.610654718736,1118799.55729987
