"year","localities","coltures","persons","houses","animals","ndvi_mean","countpix_q95","gp","max","q95","sum","sum_q95","pop"
1998,0,0,0,0,0,NA,7,136,679.848099259258,21.425957325289,679.848099259258,192.120672637838,303531.754192068
1999,0,0,0,0,0,NA,7,137,578.481817308633,15.7932710577879,578.481817308633,154.063213362646,312941.238572022
2000,0,0,0,0,0,0.209585,7,130,448.998397629464,16.6417100592705,448.998397629464,158.250647234362,322642.416967755
2001,0,520,420,60,0,0.201645652173913,7,130,479.267652682792,14.2433218086281,479.267652682792,137.259847286136,332644.331893755
2002,1,500,476,348,1.7,0.214873913043478,7,140,463.823348944288,14.1160213411052,463.823348944288,138.627027180504,342956.306182462
2003,9,177.35,2946,356,1.56,0.216830434782609,8,142,494.832698946965,14.449293880922,494.832698946965,173.388112554519,353587.951674118
2004,0,0,0,0,0,0.213989130434783,7,130,442.370326120421,16.4666198217196,442.370326120421,143.059069779228,364549.178176016
2005,0,0,0,0,0,0.220002173913043,7,136,542.890858329471,14.1695207769293,542.890858329471,133.441747640058,375850.202699472
2006,10,49.5,3080,0,0,0.220817391304348,7,130,447.431502260329,15.2516675899987,447.431502260329,130.451634342092,387501.558983156
2007,36,442.75,14497,475,0,0.211634782608696,7,138,513.325528484647,18.2214871299623,513.325528484647,164.9076500636,399514.107311634
2008,0,0,0,0,0,0.213091304347826,7,127,458.183077649727,13.8129502112683,458.183077649727,140.017334095267,411899.044638294
2009,4,23.5,420,6,0,0.211958695652174,8,150,427.763356097797,13.2022563098673,427.763356097797,136.151874090746,424667.915022081
2010,60,1397.4,46529,52,0,0.206458695652174,8,146,544.99167503055,17.9794539819128,544.99167503055,174.368738955438,437832.620387766
2011,8,361,4347,105,25.2,0.210626086956522,7,130,352.280663393089,10.554125544716,352.280663393089,109.585583522866,451405.431619787
2012,13,52952,144928,9547,25.8,0.21125652173913,7,139,558.259660532712,19.37613475695,558.259660532712,170.868089770954,465399
2013,90,387.55,25769,3366,0.3,0.22555,8,150,492.08650103912,15.8543079289883,492.08650103912,192.340116549964,479826.369
2014,4,134.15,1412,0,13.2,0.225567391304348,7,140,458.797504421651,16.4340649794106,458.797504421651,142.069298200829,494700.986439
2015,14,43,2642,183,0,0.217004347826087,7,135,498.335109699608,17.2804079752824,498.335109699608,144.736611089041,510036.717018609
