"year","localities","coltures","persons","houses","animals","ndvi_mean","countpix_q95","gp","max","q95","sum","sum_q95","pop"
1998,0,0,0,0,0,NA,6,102,681.327985111387,20.4066457845546,681.327985111387,169.06775605237,68640.8172379285
1999,0,0,0,0,0,NA,6,112,785.674658619695,19.5951602035098,785.674658619695,170.631758213043,70974.605024018
2000,0,0,0,0,0,0.32007,5,100,611.157945314964,19.8130065034937,611.157945314964,131.508828622324,73387.7415948346
2001,0,0,0,0,0,0.316423913043478,6,108,607.406333275599,20.3015989568498,607.406333275599,182.677679150193,75882.924809059
2002,0,0,0,0,0,0.324839130434783,6,111,703.052785953139,17.9759672615263,703.052785953139,142.092977391349,78462.944252567
2003,0,0,0,0,0,0.326039130434783,6,104,723.824319844252,21.9278458727731,723.824319844252,155.283091050607,81130.6843571543
2004,0,0,0,0,0,0.319567391304348,5,101,574.148650390148,17.9120141135322,574.148650390148,117.93670490053,83889.1276252975
2005,0,0,0,0,0,0.333428260869565,6,108,662.029130432591,21.654837707237,662.029130432591,146.205253071255,86741.3579645576
2006,0,0,0,0,0,0.326908695652174,5,99,652.245473389041,25.3584938667439,652.245473389041,157.284269703759,89690.5641353526
2007,0,0,0,0,0,0.304078260869565,5,101,651.864728357602,24.0937414169312,651.864728357602,153.444871001773,92740.0433159546
2008,0,0,0,0,0,0.319658695652174,6,112,630.009112489251,15.8349951540982,630.009112489251,156.460189572087,95893.204788697
2009,1,211,595,40,0,0.299278260869565,6,121,550.55478152417,15.548816981139,550.55478152417,129.155241065555,99153.5737515127
2010,3,0,1223,0,0,0.324923913043478,6,121,683.370046081432,18.2524365495752,683.370046081432,159.219855626424,102524.795259064
2011,0,0,0,0,0,0.311423913043478,5,100,530.527810217709,15.9817556743269,530.527810217709,117.868866673222,106010.638297872
2012,45,1346,9183,1103,0,0.297780434782609,6,107,656.0983576546,20.2138020321175,656.0983576546,173.365610228644,109615
2013,6,103,3620,434,0,0.28745652173913,6,110,595.378853614887,18.3742314409327,595.378853614887,155.851769394345,113341.91
2014,0,0,0,0,0,0.305402173913043,7,123,646.849918143553,15.3854536074179,646.849918143553,159.106372992198,117195.53494
2015,0,0,0,0,0,0.290741304347826,6,108,606.54176578827,18.1891903912579,606.54176578827,157.04936198835,121180.18312796
