"year","localities","coltures","persons","houses","animals","ndvi_mean","countpix_q95","gp","max","q95","sum","sum_q95","pop"
1998,0,0,0,0,0,NA,7,137,442.357803841091,15.3806532288757,442.357803841091,139.55810833557,196783.683484675
1999,1,0,189,27,0,NA,7,128,416.908542798968,13.0291973841589,416.908542798968,102.785789588302,204458.247140577
2000,0,0,0,0,0,0.1547425,6,119,338.63069438816,14.0705289447924,338.63069438816,101.682313245843,212432.11877906
2001,0,0,1120,40,0,0.154141304347826,7,130,386.001940489548,14.9045597567022,386.001940489548,139.161468895735,220716.971411443
2002,0,0,0,0,0,0.151678260869565,7,136,383.541832347587,12.1549948548111,383.541832347587,131.239842274269,229324.93329649
2003,0,0,0,0,0,0.158626086956522,7,137,469.486999390567,12.3905141575358,469.486999390567,128.261516900048,238268.605695053
2004,0,0,0,0,0,0.147836956521739,6,113,308.339876971629,12.9945057572565,308.339876971629,102.95254237746,247561.08131716
2005,0,0,0,0,0,0.152517391304348,7,134,454.173447751526,12.471113451491,454.173447751526,123.014841118844,257215.963488529
2006,0,0,0,0,0,0.155169565217391,7,130,317.235139535214,9.30132388184498,317.235139535214,105.95934080208,267247.386064581
2007,1,0,231,0,0,0.156482608695652,7,133,396.300012922248,12.5803637510375,396.300012922248,128.687229252151,277670.0341211
2008,1,0,147,21,0,0.153982608695652,7,124,367.005762222739,12.4434398139501,367.005762222739,127.075542038335,288499.165451823
2009,3,16,524,158,0.4,0.134258695652174,7,138,329.145603921252,10.5229550671795,329.145603921252,111.561303914137,299750.632904444
2010,35,3468.6,14749,579,145.5,0.136945652173913,8,144,385.179915829842,10.1523404730852,385.179915829842,97.7679397632286,311440.907587717
2011,1,0,147,11,2.4,0.135428260869565,7,130,328.944796027084,11.5706291751659,328.944796027084,104.335335145968,323587.102983638
2012,5,664,9338,591,50.9,0.138245652173913,8,145,487.002012179001,14.9907761347692,487.002012179001,149.979824557493,336207
2013,15,12.65,1478,240,0,0.146502173913043,7,141,415.840295523019,14.7305257443599,415.840295523019,134.687827774094,349319.073
2014,0,0,0,0,0,0.145819565217391,8,143,368.710547300654,12.3660857058586,368.710547300654,149.486076360053,362942.516847
2015,0,0,0,0,0,0.150482608695652,7,139,446.087850458312,15.3262683006768,446.087850458312,143.712475080258,377097.275004033
