"year","localities","coltures","persons","houses","animals","ndvi_mean","countpix_q95","gp","max","q95","sum","sum_q95","pop"
1998,0,0,0,0,0,NA,8,157,29.7266501497903,0.957879581848933,29.7266501497903,13.7092493427015,21935.3226774294
1999,0,0,0,0,0,NA,8,154,26.7826777430781,0.698566079885001,26.7826777430781,11.8368942931149,22571.4470350749
2000,0,0,0,0,0,0.093635,7,145,18.5158535975769,0.603100651994318,18.5158535975769,9.74134050628894,23226.018999092
2001,0,0,0,0,0,0.0938304347826087,8,150,18.4555223845823,0.597947759400428,18.4555223845823,8.73118220946424,23899.5735500657
2002,0,0,0,0,0,0.0937782608695652,8,147,18.2122494528613,0.589231292543636,18.2122494528613,6.49479316576677,24592.6611830176
2003,0,0,0,0,0,0.0951695652173913,9,170,22.4279712827521,0.59459702205036,22.4279712827521,11.7985553831904,25305.8483573251
2004,0,0,0,0,0,0.0954086956521739,8,156,19.1312361513291,0.537450643571869,19.1312361513291,9.40488120125255,26039.7179596875
2005,1,0,0,0,162.7,0.0947695652173913,9,163,19.1945576596989,0.442590450350334,19.1945576596989,10.0006878719193,26794.8697805185
2006,1,0,560,0,0,0.095295652173913,8,159,18.0346327741401,0.537693951097945,18.0346327741401,7.79924264981086,27571.9210041535
2007,0,0,0,0,0,0.0952260869565217,8,161,20.1885036488258,0.600412771147741,20.1885036488258,9.72375747930255,28371.506713274
2008,0,0,0,0,0,0.0938478260869565,8,152,18.8904966895947,0.453816585638578,18.8904966895947,9.60579174365413,29194.2804079589
2009,0,0,0,0,0,0.0940652173913044,9,177,19.5192847205544,0.509838290219024,19.5192847205544,10.5787008686963,30040.9145397897
2010,0,5,934,0,20.7,0.0947913043478261,9,169,22.5819948752466,0.72025874659599,22.5819948752466,10.198037195852,30912.1010614436
2011,0,0,0,0,0,0.0954173913043478,8,158,17.1928966333814,0.378651635851377,17.1928966333814,8.87564784202432,31808.5519922255
2012,0,0,0,0,0,0.0958652173913044,9,179,21.7000506069112,0.518271660767664,21.7000506069112,11.0349558301916,32731
2013,0,0,0,0,0,0.0961304347826087,10,188,16.9688366812612,0.455077487358044,16.9688366812612,7.86861070162041,33680.199
2014,1,12.5,221,0,0,0.0960652173913044,9,181,14.94980151474,0.427393159675046,14.94980151474,6.07928947315053,34656.924771
2015,17,21353,3858,102,593.9,0.0936217391304348,11,203,28.9787783301162,0.716503318275589,28.9787783301162,14.4469741034971,35661.975589359
