"year","localities","coltures","persons","houses","animals","ndvi_mean","countpix_q95","gp","max","q95","sum","sum_q95","pop"
1998,0,0,0,0,0,NA,4,81,386.660234432667,15.4935609613146,386.660234432667,91.347160424505,84040.2464225822
1999,0,0,0,0,0,NA,4,81,462.642653058948,17.377482686724,462.642653058948,76.9400612626757,87569.9367723306
2000,0,0,0,0,0,0.19919,4,64,337.959775094869,18.5210210834231,337.959775094869,92.1469035829817,91247.8741167685
2001,0,0,0,0,0,0.19775652173913,4,70,398.129583834873,15.744007902486,398.129583834873,85.6561354228428,95080.2848296728
2002,0,0,0,0,0,0.189480434782609,4,80,365.934476947303,10.8156035968236,365.934476947303,54.2265269415719,99073.6567925191
2003,0,0,0,0,0,0.194341304347826,4,76,359.540540533891,14.8179730091776,359.540540533891,72.9236531257629,103234.750377805
2004,0,0,0,0,0,0.165510869565217,4,70,313.899619947735,14.1988946233477,313.899619947735,65.828095299857,107570.609893673
2005,0,0,0,0,0,0.181689130434783,4,76,367.464275618961,15.7717579177448,367.464275618961,90.4047558648246,112088.575509207
2006,0,0,0,0,0,0.19389347826087,5,86,380.15605260874,12.0167364478111,380.15605260874,85.9600196225303,116796.295680594
2007,0,0,0,0,0,0.202684782608696,4,80,362.660733864873,13.9440027475357,362.660733864873,87.5687686375209,121701.740099179
2008,0,0,0,0,0,0.198947826086957,4,75,389.764707910163,13.409674685342,389.764707910163,78.1276394639696,126813.213183344
2009,0,0,0,0,0,0.178602173913043,5,85,310.547094181213,9.36476510252271,310.547094181213,62.189172744751,132139.368137045
2010,0,0,0,0,0,0.203804347826087,4,79,369.613377888091,15.4727116380419,369.613377888091,82.8327943597521,137689.2215988
2011,0,0,0,0,0,0.208545652173913,4,80,299.390418506094,12.6686373812812,299.390418506094,63.2451874188014,143472.16890595
2012,0,0,0,0,0,0.209441304347826,4,79,391.82834733384,14.8722146442958,391.82834733384,85.7679355825697,149498
2013,1,0,416,55,0,0.19944347826087,5,86,331.45307413319,13.6493877725942,331.45307413319,95.20010973726,155776.916
2014,0,0,0,0,0,0.188167391304348,4,78,353.519715937786,13.0500345664365,353.519715937786,81.2135066815785,162319.546472
2015,0,0,0,0,0,0.205639130434783,5,84,360.586971944339,11.8866079713617,360.586971944339,92.3070514713015,169136.967423824
