"year","localities","coltures","persons","houses","animals","ndvi_mean","countpix_q95","gp","max","q95","sum","sum_q95","pop"
1998,0,0,0,0,0,NA,6,105,581.559731254491,23.2699805899842,581.559731254491,169.368707970397,221406.080519845
1999,0,0,0,0,0,NA,5,98,579.461164868265,17.6751328801456,579.461164868265,110.493493589636,230926.541982198
2000,0,0,0,0,0,0.2377825,5,84,428.995759189291,17.8728675541812,428.995759189291,111.564189767184,240856.383287432
2001,0,0,0,0,0,0.231536956521739,6,109,575.837716231432,16.5864850318595,575.837716231432,123.599463867815,251213.207768792
2002,0,0,0,0,0,0.224139130434783,6,112,561.77114270344,17.9085829512714,561.77114270344,125.640349845364,262015.37570285
2003,0,0,0,0,0,0.240997826086957,6,103,538.434022612062,18.2357095587743,538.434022612062,131.692032304529,273282.036858073
2004,0,0,0,0,0,0.232021739130435,5,95,523.358940333104,18.2727091305876,523.358940333104,143.920027458504,285033.16444297
2005,0,0,0,0,0,0.240819565217391,5,89,487.895616771727,17.6464324520059,487.895616771727,103.043006655288,297289.590514017
2006,0,0,0,0,0,0.246126086956522,6,113,459.681480292046,14.9436632652805,459.681480292046,116.542781085184,310073.04290612
2007,1,0,2900,380,0,0.236813043478261,6,107,386.998534879566,10.1767722387836,386.998534879566,110.914563623193,323406.183751083
2008,0,0,0,0,0,0.230219565217391,5,88,529.421902563714,21.6346556506745,529.421902563714,134.385803157336,337312.64965238
2009,0,0,0,0,0,0.221867391304348,6,112,374.028660626198,10.3830604385023,374.028660626198,75.7851209248582,351817.093587432
2010,0,0,0,0,0,0.245789130434783,6,104,524.469991404397,16.3218410602988,524.469991404397,118.720211695318,366945.228611692
2011,0,0,9364,899,0,0.242130434782609,5,100,444.60263601649,13.8451147425665,444.60263601649,103.762205437438,382723.873441994
2012,0,0,0,0,0,0.250934782608696,6,104,568.039336095286,18.3168330525699,568.039336095286,138.477019780303,399181
2013,0,0,0,0,0,0.255223913043478,6,110,463.340573583181,17.245596185449,463.340573583181,141.300143372523,416345.783
2014,0,0,0,0,0,0.243082608695652,6,117,435.475695814717,15.3969264487698,435.475695814717,124.795289575237,434248.651669
2015,0,0,0,0,0,0.232036956521739,5,101,433.930755425766,15.035723973627,433.930755425766,96.0691977135123,452921.343690767
