"year","localities","coltures","persons","houses","animals","ndvi_mean","countpix_q95","gp","max","q95","sum","sum_q95","pop"
1998,0,0,0,0,0,NA,6,120,378.655881570256,11.8981228475571,378.655881570256,113.311158428669,242749.142670395
1999,0,0,0,0,0,NA,6,106,414.507527082374,12.6194008938471,414.507527082374,88.4730468177795,252944.606662552
2000,0,0,0,0,0,0.18774,6,106,286.861284497947,11.5450486367544,286.861284497947,91.3627936045329,263568.280142379
2001,0,0,0,0,0,0.19189347826087,6,107,342.581252362832,9.998761220932,342.581252362832,105.580854184469,274638.147908359
2002,0,0,0,0,0,0.18259347826087,7,122,306.666182765046,8.46791720495223,306.666182765046,69.0407706489563,286172.95012051
2003,0,0,0,0,0,0.195960869565217,6,114,342.645374421087,11.6768383138657,342.645374421087,93.2138257687887,298192.214025571
2004,0,0,0,0,0,0.167482608695652,6,106,282.608994849299,10.2490773924192,282.608994849299,78.6325759016673,310716.287014645
2005,0,0,0,0,0,0.184571739130435,7,123,350.941171423045,11.7657520928701,350.941171423045,112.202982254028,323766.37106926
2006,1,0,436,0,0.1,0.190028260869565,6,114,355.821854975795,11.4651157266617,355.821854975795,94.8643105328878,337364.558654169
2007,0,0,0,0,0,0.193454347826087,6,115,329.847168244361,12.063517916743,329.847168244361,104.55990733846,351533.870117644
2008,1,0,336,0,0,0.19150652173913,6,109,361.781715695937,11.4125137779236,361.781715695937,92.6683547401428,366298.292662585
2009,0,0,0,0,0,0.173821739130435,7,126,292.74142133921,7.56184076786041,292.74142133921,61.4118742879232,381682.820954414
2010,5,0,2401,411,0,0.198682608695652,7,128,334.693918009771,11.4140045002937,334.693918009771,107.715375545502,397713.4994345
2011,0,0,0,0,0,0.205813043478261,6,109,273.183765975745,9.50088402938843,273.183765975745,74.0226968078613,414417.466410749
2012,0,0,0,0,0,0.206039130434783,6,120,379.4870871051,13.5859114302317,379.4870871051,111.912975086212,431823
2013,12,0,13125,991,0,0.19624347826087,7,141,304.102836787159,10.0506078275045,304.102836787159,101.311804234187,449959.566
2014,0,0,0,0,0,0.194465217391304,7,123,328.57141778935,10.5008049864451,328.57141778935,114.413658173243,468857.867772
2015,1,40,56,0,0,0.190489130434783,6,121,311.500399035481,8.43090427144369,311.500399035481,89.048834312439,488549.898218424
