"year","localities","coltures","persons","houses","animals","ndvi_mean","countpix_q95","gp","max","q95","sum","sum_q95","pop"
1998,0,0,0,0,0,NA,6,106,648.544564518242,18.7282622935725,648.544564518242,175.735036705054,181229.459554845
1999,11,292.15,588,33,0,NA,6,107,635.860377375714,18.8329436283485,635.860377375714,157.507639548358,185578.966584161
2000,8,1045,1840,71,0,0.2885175,5,101,516.122587973848,20.9056005010418,516.122587973848,128.277472916771,190032.861782181
2001,0,0,0,0,0,0.2829,6,102,537.396343730278,16.6462707680814,537.396343730278,141.528744267482,194593.650464953
2002,0,0,0,0,0,0.288089130434783,6,114,570.212723656894,17.3685539152108,570.212723656894,137.566784994275,199263.898076112
2003,26,403,3345,478,0.8,0.273352173913044,6,109,543.763663487212,16.6766268561868,543.763663487212,149.273625532786,204046.231629939
2004,0,0,0,0,0,0.270819565217391,6,109,501.835198129882,18.9236089033239,501.835198129882,142.511630810943,208943.341189057
2005,0,0,0,0,0,0.285447826086957,6,107,614.004920416732,16.5281925622155,614.004920416732,132.64681335524,213957.981377594
2006,3,160.35,0,205,0,0.284713043478261,5,101,550.295635579405,19.9044361768984,550.295635579405,131.409285849216,219092.972930657
2007,0,0,0,0,0,0.270430434782609,6,117,591.56818194868,24.6347509496352,591.56818194868,172.40496060895,224351.204280993
2008,1,0,0,195,0,0.274213043478261,6,111,538.249491693959,16.7050490262462,538.249491693959,147.27677860447,229735.633183736
2009,1,0,446,111,0,0.25360652173913,7,128,497.318613721047,15.9824469959035,497.318613721047,140.729622560389,235249.288380146
2010,16,264.25,4380,133,0,0.262828260869565,7,131,654.28513507405,18.1220693915498,654.28513507405,179.79713530634,240895.27130127
2011,1,0,7,1,0,0.249619565217391,6,107,430.88830568451,15.4709790659886,430.88830568451,118.434217144461,246676.7578125
2012,41,264.3,8154,1287,0,0.245534782608696,7,124,619.778595995506,18.6203172894085,619.778595995506,198.987372230081,252597
2013,46,255.65,9077,887,0,0.262397826086957,6,114,539.395975274574,17.4949833795136,539.395975274574,183.200811741399,258659.328
2014,4,0,2308,0,0,0.27480652173913,6,115,522.866845492843,17.527107017648,522.866845492843,139.459919910805,264867.151872
2015,1,0,63,11,0,0.2468,6,117,554.754256499386,16.5952387043074,554.754256499386,141.753734036988,271223.963516928
