"year","localities","coltures","persons","houses","animals","ndvi_mean","countpix_q95","gp","max","q95","sum","sum_q95","pop"
1998,0,0,0,0,0,NA,4,80,264.142976290054,13.1008263533282,264.142976290054,61.3450545869815,92235.4751784645
1999,1,0,980,20,0,NA,5,85,377.457847835152,16.1645674383564,377.457847835152,89.7323196921379,95924.894185603
2000,0,0,0,0,0,0.2614775,4,81,204.108524283457,7.8573340762193,204.108524283457,47.0752723566286,99761.8899530272
2001,0,0,0,0,0,0.253058695652174,6,104,231.681167788062,9.80736980339523,231.681167788062,68.935716386054,103752.365551148
2002,0,0,0,0,0,0.239421739130435,5,92,214.160602926043,10.9987338880065,214.160602926043,66.9450483352515,107902.460173194
2003,0,0,0,0,0,0.25330652173913,5,92,357.097872876562,15.6228496899271,357.097872876562,109.90778737463,112218.558580122
2004,0,0,0,0,0,0.244519565217391,5,82,217.650037731668,10.03754370167,217.650037731668,77.4623114834925,116707.300923327
2005,0,0,0,0,0,0.257989130434783,4,79,287.160174929412,12.5516104023927,287.160174929412,67.2485199521302,121375.59296026
2006,0,0,0,0,0,0.243269565217391,5,86,247.559117026093,10.5397150379837,247.559117026093,84.9905412667876,126230.61667867
2007,0,0,0,0,0,0.263523913043478,5,98,348.547835703763,14.6586840927221,348.547835703763,116.377799999942,131279.841345817
2008,0,0,0,0,0,0.242819565217391,5,91,246.606701901835,10.8045577387901,246.606701901835,74.9719382167622,136531.03499965
2009,0,0,0,0,0,0.244880434782609,5,98,191.112427749068,8.1036629942572,191.112427749068,49.1750758149821,141992.276399636
2010,1,0,350,48,0,0.266984782608696,5,91,232.030748922544,9.90825403420029,232.030748922544,61.238204385065,147671.967455621
2011,0,0,0,0,0,0.275917391304348,5,96,276.25284847425,9.52196254851712,276.25284847425,87.3093560243108,153578.846153846
2012,17,0,749,121,0,0.291791304347826,5,100,400.010882111826,14.5567597162951,400.010882111826,122.57172278386,159722
2013,4,0,777,82,0,0.270376086956522,5,97,288.16740161566,11.8001064239793,288.16740161566,85.1949795461764,166110.88
2014,0,0,0,0,0,0.276728260869565,5,87,250.961720279562,15.4384579615988,250.961720279562,101.29545879364,172755.3152
2015,0,0,0,0,0,0.269773913043478,5,87,269.244839121215,13.5957777002055,269.244839121215,87.3878180358061,179665.527808
