"year","localities","coltures","persons","houses","animals","ndvi_mean","countpix_q95","gp","max","q95","sum","sum_q95","pop"
1998,0,0,0,0,0,NA,6,103,316.938067848225,12.0419919828908,316.938067848225,82.5170557157082,52711.6981891483
1999,1,0,1470,30,21.8,NA,6,118,328.515553076633,8.88407594852086,328.515553076633,72.443592070281,56665.0755533344
2000,0,0,0,0,0,0.1306475,6,107,196.751970411686,6.56664253843933,196.751970411686,56.0805709261854,60914.9562198345
2001,0,0,0,0,0,0.136530434782609,5,94,248.776365447328,7.97855202089838,248.776365447328,73.5749935477722,65483.5779363221
2002,0,0,0,0,0,0.130104347826087,7,122,244.955562978965,7.69744160676203,244.955562978965,66.6202182153694,70394.8462815463
2003,0,0,0,0,0,0.131754347826087,7,123,284.397613449937,10.0271034485152,284.397613449937,77.6590374758264,75674.4597526622
2004,0,0,0,0,0,0.128978260869565,5,100,205.58447484311,8.10761265904964,205.58447484311,50.6199298886692,81350.0442341119
2005,0,0,0,0,0,0.139978260869565,6,109,297.791701187329,11.1842854587972,297.791701187329,87.1587761189757,87451.2975516703
2006,0,0,0,0,0,0.135995652173913,6,104,242.49072193844,9.13192375923405,242.49072193844,71.8310889231057,94010.1448680456
2007,0,0,0,0,0,0.149463043478261,6,116,253.11009201276,10.3819777026397,253.11009201276,97.2960328484784,101060.905733149
2008,0,0,0,0,0,0.139126086956522,7,123,276.571038527756,8.84979962000326,276.571038527756,78.4373866049181,108640.473663135
2009,1,0,945,0,0,0.133271739130435,7,132,211.308036805645,6.1480354064152,211.308036805645,51.6189698186241,116788.50918787
2010,1,0,560,596,0,0.145328260869565,6,121,264.553776935426,8.82610340829657,264.553776935426,67.5947290658951,125547.647376961
2011,2,0,398,18,18.6,0.140319565217391,6,115,220.515991149927,8.34918261260545,220.515991149927,68.0482195971393,134963.720930233
2012,0,0,0,0,0,0.141736956521739,6,118,271.95874632312,9.62284876373634,271.95874632312,75.1747839981768,145086
2013,0,0,0,0,0,0.144152173913043,7,131,234.949452509944,6.75378983887304,234.949452509944,74.1426157227584,155967.45
2014,0,0,0,0,0,0.148091304347826,6,113,229.012930717832,6.7843923280219,229.012930717832,65.5166686382614,167665.00875
2015,0,0,0,0,0,0.135973913043478,7,130,214.632253545017,6.96572733511444,214.632253545017,77.9783786855826,180239.88440625
