"year","localities","coltures","persons","houses","animals","ndvi_mean","countpix_q95","gp","max","q95","sum","sum_q95","pop"
1998,0,0,0,0,0,NA,6,118,339.820730664467,11.7908346429489,339.820730664467,100.634894433848,181824.531988883
1999,0,0,0,0,0,NA,6,112,365.966734732879,11.7578665419263,365.966734732879,87.7219311424044,189642.986864405
2000,0,0,0,0,0,0.159765,6,109,263.244961276293,10.9056281160579,263.244961276293,91.0669132375648,197797.635299575
2001,0,0,0,0,0,0.164082608695652,7,137,352.830491548288,11.2037026403946,352.830491548288,107.59528295095,206302.933617456
2002,0,0,0,0,0,0.159478260869565,7,135,315.758638937029,12.1334800789276,315.758638937029,109.028633944679,215173.959763007
2003,0,0,0,0,0,0.169304347826087,7,134,402.986245485378,11.7046976641276,402.986245485378,120.961784425261,224426.440032816
2004,0,0,0,0,0,0.156963043478261,6,113,295.149511481349,9.54402154439401,295.149511481349,112.47790140946,234076.776954227
2005,0,0,0,0,0,0.168513043478261,6,121,378.391043428597,13.0305857533451,378.391043428597,106.409009213357,244142.078363259
2006,0,0,0,0,0,0.165291304347826,7,138,344.865150825297,10.2905676751852,344.865150825297,117.676260859685,254640.187732879
2007,0,0,0,0,0,0.170380434782609,7,132,306.49149493313,12.2649216463819,306.49149493313,128.52756821606,265589.715805393
2008,0,0,0,0,0,0.166819565217391,6,117,323.944535080998,12.0991420296082,323.944535080998,90.1257505415135,277010.073585025
2009,0,0,0,0,0,0.151763043478261,8,144,211.373904874413,6.36474627676749,211.373904874413,62.0769347617026,288921.506749181
2010,7,0,5956,906,1872.9,0.169695652173913,6,121,397.071673902728,13.409311337589,397.071673902728,100.234528963916,301345.131539396
2011,0,0,0,0,0,0.169160869565217,7,136,331.623570633085,9.7479912287717,331.623570633085,108.87520317896,314302.97219559
2012,0,0,0,0,0,0.176547826086957,7,130,482.189678183624,17.0965432911113,482.189678183624,152.05224353396,327818
2013,2,0,424,100,0,0.168921739130435,7,137,343.088613810395,12.5615048594523,343.088613810395,120.037602132411,341914.174
2014,2,37.5,500,0,0,0.166823913043478,7,129,294.049412299195,11.9648306889652,294.049412299195,115.214028444179,356616.483482
2015,5,32.5,1261,197,0.5,0.166239130434783,7,123,329.090413787405,11.0273188787777,329.090413787405,112.173597692229,371950.992271726
