"year","localities","coltures","persons","houses","animals","ndvi_mean","countpix_q95","gp","max","q95","sum","sum_q95","pop"
1998,0,0,0,0,0,NA,5,87,250.096674933639,10.3914791912646,250.096674933639,60.4681916397971,54954.2170006354
1999,0,0,0,0,0,NA,5,93,352.951336807062,12.9599262002352,352.951336807062,82.9270373969465,57207.3398976614
2000,0,0,0,0,0,0.13435,4,67,190.535328581704,10.7992392306392,190.535328581704,55.4481241332518,59552.8408334656
2001,0,0,0,0,0,0.150547826086957,5,90,267.508074791423,10.2991583551104,267.508074791423,83.2941653277423,61994.5073076376
2002,0,0,0,0,0,0.145852173913043,6,103,236.482585881467,7.87736517062058,236.482585881467,61.1055376618295,64536.2821072508
2003,0,0,0,0,0,0.143530434782609,5,101,301.513176587254,12.1753341958329,301.513176587254,73.717071056366,67182.2696736481
2004,0,0,0,0,0,0.13784347826087,5,85,205.957709742528,8.76015809935492,205.957709742528,62.27166916873,69936.7427302676
2005,0,0,0,0,0,0.146613043478261,5,93,250.231644950598,10.0855968623548,250.231644950598,60.0948697054708,72804.1491822086
2006,0,0,0,0,0,0.136939130434783,5,98,244.982171042147,10.2041481099016,244.982171042147,71.0385323392378,75789.1192986791
2007,0,0,0,0,0,0.151013043478261,5,99,208.359816213377,10.1314119395372,208.359816213377,70.5712027155064,78896.473189925
2008,0,0,0,0,0,0.157113043478261,5,101,266.324395725645,9.30933019196665,266.324395725645,63.017329352933,82131.2285907119
2009,0,0,0,0,0,0.135913043478261,6,114,171.258764339016,6.60308254860543,171.258764339016,53.6499658186693,85498.6089629311
2010,1,0,553,5,0,0.164104347826087,5,94,276.753503270514,10.4273296825789,276.753503270514,64.1030156169389,89004.0519304113
2011,0,0,0,0,0,0.155580434782609,6,102,242.509346685029,9.32830342146996,242.509346685029,80.0589516549497,92653.2180595581
2012,0,0,0,0,0,0.161278260869565,6,107,247.381643491456,9.65267168243189,247.381643491456,75.2522184051372,96452
2013,0,0,0,0,0,0.165569565217391,6,118,227.005935344317,7.57834756837503,227.005935344317,60.6152583594258,100406.532
2014,0,0,0,0,0,0.158695652173913,5,101,222.030620631256,9.07285661471857,222.030620631256,54.1568296197298,104523.199812
2015,0,0,0,0,0,0.152169565217391,5,95,211.922438573613,9.89653343461655,211.922438573613,55.8258931298514,108808.651004292
