"year","localities","coltures","persons","houses","animals","ndvi_mean","countpix_q95","gp","max","q95","sum","sum_q95","pop"
1998,0,0,0,0,0,NA,4,66,260.598379052803,12.6201029554009,260.598379052803,60.0739551901817,44312.5504803313
1999,0,0,0,0,0,NA,4,75,332.88813274717,13.8131993484497,332.88813274717,72.1354317426681,46085.0524995445
2000,0,0,0,0,0,0.189515,4,71,167.001485375659,8.58148979097605,167.001485375659,41.6364311426878,47928.4545995263
2001,0,0,0,0,0,0.186847826086957,4,81,187.086873829383,9.19678286910057,187.086873829383,44.3076504260302,49845.5927835074
2002,0,0,0,0,0,0.178645652173913,4,81,164.280956547765,8.67516681551933,164.280956547765,47.1614268958569,51839.4164948476
2003,0,0,0,0,0,0.189528260869565,4,77,290.949008461833,16.7696122443676,290.949008461833,87.1928902924061,53912.9931546416
2004,0,0,0,0,0,0.187965217391304,4,68,177.217564836389,11.8951137670875,177.217564836389,58.0005485534668,56069.5128808272
2005,0,0,0,0,0,0.194132608695652,4,73,243.804733681306,12.2992879557609,243.804733681306,62.5568697452545,58312.2933960603
2006,0,0,0,0,0,0.189382608695652,4,68,199.954168432496,9.39637746170163,199.954168432496,57.9619994789362,60644.7851319027
2007,3,0,846,154,0,0.190326086956522,4,79,297.327985345724,14.2553344380855,297.327985345724,83.4529939770699,63070.5765371788
2008,0,0,0,0,0,0.185697826086957,4,74,215.521349961683,10.9020859926939,215.521349961683,49.8852211743593,65593.399598666
2009,0,0,0,0,0,0.177289130434783,4,80,168.763659550816,8.24128923743963,168.763659550816,39.4991637408733,68217.1355826127
2010,0,0,0,0,0,0.196823913043478,5,83,220.638873258093,10.0935908800364,220.638873258093,58.7930059313774,70945.8210059172
2011,0,0,0,0,0,0.183232608695652,4,81,230.514085537335,9.76456913948059,230.514085537335,69.4811443328857,73783.6538461538
2012,10,23.5,1602,260,0,0.204926086956522,5,94,368.646216154192,12.3827562385797,368.646216154192,95.9617411136627,76735
2013,0,0,0,0,0,0.196604347826087,4,79,244.353516070988,9.57080092668533,244.353516070988,72.4319976747036,79804.4
2014,0,0,0,0,0,0.183169565217391,4,62,218.701860200965,13.7127875322103,218.701860200965,82.6761308789253,82996.576
2015,0,0,0,0,0,0.18665652173913,4,70,245.243839057802,13.820690254569,245.243839057802,77.7044483780861,86316.43904
