"year","localities","coltures","persons","houses","animals","ndvi_mean","countpix_q95","gp","max","q95","sum","sum_q95","pop"
1998,0,0,0,0,0,NA,6,106,443.527856621337,14.9580780742443,443.527856621337,120.964365011823,199983.067977782
1999,0,0,0,0,0,NA,5,90,475.240894039384,16.9605804093116,475.240894039384,92.9211376915991,207582.424560938
2000,0,0,0,0,0,0.183325,5,98,338.725017393569,14.7099322044744,338.725017393569,105.404819271206,215470.556694254
2001,0,0,0,0,0,0.171004347826087,4,89,440.309322635902,15.4042037018632,440.309322635902,95.3514408179089,223658.437848635
2002,0,0,0,0,0,0.169710869565217,6,102,401.203341248721,12.394751989736,401.203341248721,89.5820305579531,232157.458486883
2003,0,0,0,0,0,0.183669565217391,6,106,419.216127948467,14.480015309511,419.216127948467,105.54823128945,240979.441909385
2004,0,0,0,0,0,0.165219565217391,5,91,387.959817359175,13.1994540353792,387.959817359175,96.3116507952192,250136.660701942
2005,0,0,0,0,0,0.179976086956522,5,95,411.976470052892,15.7082926121433,411.976470052892,104.527364334174,259641.853808615
2006,0,0,0,0,0,0.172465217391304,6,106,443.966887388895,12.3686677206934,443.966887388895,109.815106134499,269508.244253343
2007,2,0,812,0,0,0.164126086956522,5,100,406.377936009825,16.4264432729873,406.377936009825,126.306753124811,279749.55753497
2008,0,0,0,0,0,0.182715217391304,5,99,394.540055003314,12.4350066824297,394.540055003314,83.6535151405672,290380.040721299
2009,0,0,0,0,0,0.159221739130435,6,102,310.574426380045,9.13830763196523,310.574426380045,69.4402696305672,301414.482268708
2010,1,0,880,97,0,0.182708695652174,6,108,440.782817738955,15.4396061713716,440.782817738955,104.488460380419,312868.232594919
2011,0,0,0,0,0,0.198326086956522,6,102,342.409482524359,10.7859362093748,342.409482524359,90.1526519851347,324757.225433526
2012,0,0,0,0,0,0.196958695652174,6,107,405.147243019177,15.3004064834223,405.147243019177,109.818225514572,337098
2013,0,0,0,0,0,0.199547826086957,6,112,332.968824290287,10.8572088707865,332.968824290287,99.2165095996013,349907.724
2014,0,0,0,0,0,0.189865217391304,6,113,394.804074113969,11.7345253902199,394.804074113969,126.221226139406,363204.217512
2015,1,55,255,0,0,0.181371739130435,6,102,378.716777623617,13.1137413252771,378.716777623617,111.032446321133,377005.977777456
