"year","localities","coltures","persons","houses","animals","ndvi_mean","countpix_q95","gp","max","q95","sum","sum_q95","pop"
1998,0,0,0,0,0,NA,3,61,443.702049940178,20.2659884861537,443.702049940178,69.0762984412057,169770.244183977
1999,0,0,0,0,0,NA,4,71,452.78251093014,18.8998390947069,452.78251093014,82.9477047920227,177749.445660623
2000,0,0,0,0,0,0.18743,3,60,353.229079147211,16.9629011188234,353.229079147211,76.81656564985,186103.669606673
2001,0,0,0,0,0,0.195460869565217,4,87,490.647390231374,16.0882316998073,490.647390231374,81.8919407299587,194850.542078186
2002,2,0,40,3,0,0.190895652173913,4,79,434.181668136309,17.4387498174395,434.181668136309,85.5733673231942,204008.517555861
2003,0,0,0,0,0,0.19525,4,80,510.763787622189,20.5956790413175,510.763787622189,102.37995501927,213596.917880987
2004,0,0,0,0,0,0.195273913043478,4,66,388.54646097524,14.5076981101717,388.54646097524,105.459877286639,223635.973021393
2005,0,0,0,0,0,0.198123913043478,4,67,444.548919941157,19.0860789843968,444.548919941157,83.414368561336,234146.863753398
2006,21,0,2656,287,0.1,0.192563043478261,4,66,396.641873747969,15.8502792971475,396.641873747969,85.2358740397862,245151.766349808
2007,1,0,2224,0,0,0.191852173913043,4,79,320.013039115146,11.72855991636,320.013039115146,77.8454013551984,256673.899368249
2008,0,0,0,0,0,0.193839130434783,4,71,453.887044353261,19.63299036026,453.887044353261,91.8186979293823,268737.572638557
2009,1,0,368,0,1.2,0.17780652173913,4,80,301.435451024802,9.78042766196387,301.435451024802,53.1681915691921,281368.238552569
2010,29,8,9485,415,0,0.197104347826087,4,75,445.209815993639,17.766953924724,445.209815993639,82.1158319200788,294592.54576454
2011,0,0,0,0,0,0.192267391304348,4,75,395.548779810101,14.0698588779994,395.548779810101,78.9883418083191,308438.395415473
2012,0,0,0,0,0,0.209217391304348,4,80,553.92215631982,18.6555004187993,553.92215631982,91.7179445539202,322935
2013,0,0,0,0,0,0.199363043478261,4,70,396.838302808149,18.2303572722844,396.838302808149,99.8470172200884,338112.945
2014,0,0,0,0,0,0.19615652173913,4,70,371.457753647952,18.1714382989066,371.457753647952,96.1631599153791,354004.253415
2015,1,0,0,0,0,0.190380434782609,4,70,396.977125210108,15.5270124026707,396.977125210108,77.6854500770569,370642.453325505
