"year","localities","coltures","persons","houses","animals","ndvi_mean","countpix_q95","gp","max","q95","sum","sum_q95","pop"
1998,0,0,0,0,0,NA,5,90,401.148612507782,15.0854184813797,401.148612507782,93.0588337555528,129754.756000436
1999,0,0,0,0,0,NA,5,100,442.290837868049,15.3213557383046,442.290837868049,89.8791866339743,135853.229532456
2000,0,0,0,0,0,0.19654,4,81,321.852859143051,15.7803906872869,321.852859143051,81.4676462896168,142238.331320482
2001,0,0,0,0,0,0.209569565217391,6,106,466.127833766439,14.2635472742841,466.127833766439,111.2624935247,148923.532892544
2002,1,750,917,64,0,0.204386956521739,6,110,409.26650402535,12.8384882772341,409.26650402535,101.897860921919,155922.938938494
2003,0,0,0,0,0,0.217480434782609,6,104,461.89906743322,15.3121183283627,461.89906743322,118.231299579144,163251.317068603
2004,0,0,0,0,0,0.210102173913043,5,87,366.096705680695,12.7052393101156,366.096705680695,104.852313913405,170924.128970827
2005,0,0,0,0,0,0.215476086956522,5,91,394.680827690558,14.8315118476748,394.680827690558,88.4794155359268,178957.563032456
2006,0,0,0,0,0,0.218091304347826,6,102,369.14445440065,12.5621275899932,369.14445440065,103.787329535931,187368.568494982
2007,1,53,1258,152,0,0.21485,6,105,298.899968487317,10.5368219397962,298.899968487317,88.1662411168218,196174.891214246
2008,0,0,0,0,0,0.205076086956522,5,94,433.394819193316,18.9129613801837,433.394819193316,106.382121600211,205395.111101315
2009,0,0,0,0,0,0.185013043478261,6,109,270.40811871565,7.65494440048933,270.40811871565,59.7318898756057,215048.681323077
2010,0,0,0,0,0,0.214569565217391,6,106,415.601271139809,14.1311757750809,415.601271139809,103.304649941623,225155.969345262
2011,0,0,0,0,0,0.208184782608696,6,103,366.649853021577,11.5526164595038,366.649853021577,95.3429059199989,235738.299904489
2012,0,0,0,0,0,0.225869565217391,6,107,470.916253270081,16.7776193499565,470.916253270081,115.414379548281,246818
2013,0,0,0,0,0,0.221076086956522,5,98,369.131732758814,13.1572593687102,369.131732758814,111.336561024189,258418.446
2014,0,0,0,0,0,0.20660652173913,5,101,336.045902481214,13.9958400428295,336.045902481214,98.814185500145,270564.112962
2015,2,0,376,62,1.07,0.206523913043478,6,102,352.795054471824,11.4062083261088,352.795054471824,95.6070036888123,283280.626271214
