"year","localities","coltures","persons","houses","animals","ndvi_mean","countpix_q95","gp","max","q95","sum","sum_q95","pop"
1998,0,0,0,0,0,NA,6,109,392.48523538126,13.3628168911857,392.48523538126,117.603910100651,364052.419187606
1999,0,0,0,0,0,NA,6,106,467.693766126184,14.6801086498454,467.693766126184,109.266489281374,378614.51595511
2000,0,0,0,0,0,0.1815775,5,101,311.540706491289,14.2188447847723,311.540706491289,78.914788757416,393759.096593314
2001,1,0,643,63,0,0.173660869565217,6,114,439.60614524013,15.1565380832091,439.60614524013,129.114817458041,409509.460457047
2002,0,0,0,0,0,0.17200652173913,7,135,326.162861843428,11.7950213748504,326.162861843428,98.1256323345205,425889.838875329
2003,0,0,0,0,0,0.180204347826087,6,119,404.663434217062,13.0520151775789,404.663434217062,91.3374473328259,442925.432430342
2004,0,0,0,0,0,0.168715217391304,6,113,323.392775358982,10.2735979738082,323.392775358982,82.6244702868283,460642.449727556
2005,0,0,0,0,0,0.181928260869565,6,111,380.258722255368,14.6326171357364,380.258722255368,105.837462638151,479068.147716658
2006,0,0,0,0,0,0.167021739130435,7,125,410.946618645943,12.8998755898705,410.946618645943,113.215566111121,498230.873625324
2007,0,0,0,0,0,0.164239130434783,7,127,352.059410709484,12.6274645036554,352.059410709484,133.256959694592,518160.108570337
2008,0,0,0,0,0,0.177715217391304,6,120,321.530633559542,8.43773423302619,321.530633559542,84.7254979489321,538886.512913151
2009,0,0,0,0,0,0.154530434782609,7,131,250.652284477494,7.00655504439604,250.652284477494,78.7142475033826,560441.973429677
2010,4,0,885,125,2,0.174002173913043,7,130,414.628588900397,12.76117781015,414.628588900397,118.76811348882,582859.652366864
2011,0,0,0,0,0,0.189739130434783,6,120,334.336799748859,11.3505210146547,334.336799748859,100.844595170914,606174.038461538
2012,6,58.5,9107,198,0,0.198013043478261,7,124,377.180129457248,12.2380110378571,377.180129457248,121.851939420649,630421
2013,1,0,1027,162,0,0.195447826086957,7,139,325.775283836162,10.9650136934245,325.775283836162,98.7240997960861,655637.84
2014,6,0,3176,0,0.4,0.180091304347826,7,131,355.646652212988,10.6632739222623,355.646652212988,117.153260965398,681863.3536
2015,2,0,941,180,0,0.170991304347826,7,123,319.741784806977,10.2813137125841,319.741784806977,92.7211398122145,709137.887744
