"year","localities","coltures","persons","houses","animals","ndvi_mean","countpix_q95","gp","max","q95","sum","sum_q95","pop"
1998,0,0,0,0,0,NA,6,103,544.77277785507,19.7551721116475,544.77277785507,146.717452938216,165023.277935486
1999,0,0,0,0,0,NA,5,95,476.934609168922,14.7358079774039,476.934609168922,97.7504711764199,174264.581499873
2000,0,0,0,0,0,0.2279775,5,85,361.172946302904,15.0698236261095,361.172946302904,102.583991428784,184023.398063866
2001,0,0,0,0,0,0.227928260869565,6,118,458.422314574463,11.8113887059689,458.422314574463,92.4546567337854,194328.708355443
2002,0,0,0,0,0,0.21794347826087,6,109,453.240944060561,13.1207839516231,453.240944060561,129.031942190443,205211.116023348
2003,0,0,0,0,0,0.244982608695652,6,106,631.653814368767,18.2592364464487,631.653814368767,157.982264961515,216702.938520655
2004,0,0,0,0,0,0.218295652173913,5,99,434.816897324372,15.4548860549927,434.816897324372,136.360260541098,228838.303077812
2005,0,0,0,0,0,0.225223913043478,5,95,485.528949465193,18.3509760400227,485.528949465193,105.665999105998,241653.248050169
2006,0,0,0,0,0,0.22315652173913,6,121,477.468617458844,14.7948431900569,477.468617458844,114.659814034189,255185.829940979
2007,1,0,750,60,0,0.221821739130435,6,113,351.859589040432,10.8749932595662,351.859589040432,89.6598986114774,269476.236417674
2008,0,0,0,0,0,0.218510869565217,5,98,459.310436924835,19.6753071068014,459.310436924835,118.192494044985,284566.905657063
2009,0,0,0,0,0,0.20935652173913,6,110,363.171414891616,10.904600247315,363.171414891616,71.722573532377,300502.652373859
2010,1,0,0,0,0,0.230604347826087,6,109,529.544178800972,15.7200878470285,529.544178800972,106.321762704849,317330.800906795
2011,0,0,0,0,0,0.218321739130435,6,106,443.20125351714,17.3666176353182,443.20125351714,139.86504843235,335101.325757576
2012,0,0,0,0,0,0.24125652173913,6,112,624.496609117479,16.3366491225788,624.496609117479,116.481738066673,353867
2013,0,0,0,0,0,0.240145652173913,6,114,469.290845539593,15.9151616086279,469.290845539593,136.463067647389,373683.552
2014,1,47,362,0,0,0.236439130434783,6,114,404.706488046051,14.4762578594685,404.706488046051,121.066407465935,394609.830912
2015,24,8,1761,258,0.1,0.21619347826087,5,97,450.241233534516,18.1248507145473,450.241233534516,103.116345936911,416707.981443072
