"year","localities","coltures","persons","houses","animals","ndvi_mean","countpix_q95","gp","max","q95","sum","sum_q95","pop"
1998,0,0,0,0,0,NA,7,128,751.884856370394,25.7742249449439,751.884856370394,255.451948485167,106884.326596969
1999,15,286,718,9,0,NA,7,134,742.100835142821,19.3871953112146,742.100835142821,178.383475477799,111052.81533425
2000,0,0,0,0,0,0.2225775,7,126,524.980184476989,17.0961345221685,524.980184476989,144.385471281798,115383.875132286
2001,0,0,0,0,0,0.226463043478261,7,124,544.76610465772,16.5371919772936,544.76610465772,160.431697258742,119883.846262445
2002,0,0,0,0,0,0.24689347826087,7,133,555.228131850914,15.8381410764611,555.228131850914,160.066248754833,124559.31626668
2003,16,366,1169,84,4.4,0.2379,7,132,658.971590082954,21.0391199742192,658.971590082954,191.000557862157,129417.129601081
2004,7,236,0,0,0,0.239273913043478,7,122,540.083371258751,18.0471240002176,540.083371258751,155.586367851755,134464.397655523
2005,0,0,0,0,0,0.254739130434783,7,126,642.777392223839,18.7484779129858,642.777392223839,152.209137120454,139708.509164089
2006,0,0,0,0,0,0.252641304347826,7,139,497.346265350108,14.5719491935813,497.346265350108,124.987622555442,145157.141021488
2007,0,0,0,0,0,0.241484782608696,7,129,562.161749347683,17.291354227066,562.161749347683,176.210111553773,150818.269521326
2008,0,0,0,0,0,0.254223913043478,7,128,546.281154335331,17.0512135825986,546.281154335331,173.806503476267,156700.182032658
2009,2,98,476,16,0,0.24180652173913,8,144,512.503780771795,15.2587852604493,512.503780771795,146.010636294406,162811.489131931
2010,0,0,0,0,0,0.231736956521739,8,147,586.654685051027,14.3734695631525,586.654685051027,159.329661377617,169161.137208077
2011,0,0,0,0,0,0.225084782608696,7,122,474.373635747039,13.7089703064379,474.373635747039,140.301660939922,175758.421559192
2012,1,0,13034,29,0,0.222384782608696,8,150,615.482891506873,20.7624088073813,615.482891506873,196.596646163775,182613
2013,5,96,2978,425,0,0.239834782608696,7,134,582.502482718163,22.6212878733096,582.502482718163,199.962438964844,189734.907
2014,0,0,0,0,0,0.243389130434783,7,138,570.138218970876,15.4588106240397,570.138218970876,156.488108270065,197134.568373
2015,0,0,0,0,0,0.23405,7,138,640.392010914445,22.3761887919385,640.392010914445,179.066665272091,204822.816539547
