"year","localities","coltures","persons","houses","animals","ndvi_mean","countpix_q95","gp","max","q95","sum","sum_q95","pop"
1998,0,0,0,0,0,NA,5,98,468.530284066985,16.3826214914479,468.530284066985,102.739507454486,250360.648754501
1999,0,0,0,0,0,NA,5,95,539.639214445134,18.0655116498963,539.639214445134,109.898436767011,260875.796002191
2000,0,0,0,0,0,0.194265,5,88,342.521910090995,16.2542652654254,342.521910090995,102.451238332701,271832.579434283
2001,0,0,0,0,0,0.178330434782609,5,88,469.170479422363,16.4956426661862,469.170479422363,120.346797009145,283249.547770522
2002,0,0,0,0,0,0.1861,6,102,412.287000329412,13.51894207848,412.287000329412,98.5747265461063,295146.028776884
2003,0,0,0,0,0,0.198078260869565,5,94,452.956094641186,16.1658102794127,452.956094641186,99.7495615068546,307542.161985514
2004,0,0,0,0,0,0.177417391304348,5,92,423.558570547236,15.6402592639293,423.558570547236,89.5895773280751,320458.932788905
2005,0,0,0,0,0,0.194280434782609,5,97,432.432540496497,17.2724699067675,432.432540496497,108.516241987875,333918.207966039
2006,0,0,0,0,0,0.18545,6,107,448.222982892463,15.4816968736569,448.222982892463,130.609724304893,347942.772700613
2007,2,0,1620,285,0.26,0.176960869565217,6,108,422.004487684454,20.6610711744009,422.004487684454,144.675480089897,362556.369154039
2008,0,0,0,0,0,0.187247826086957,5,90,389.900835606039,12.9444729312392,389.900835606039,78.8288118149623,377783.736658508
2009,0,0,0,0,0,0.165536956521739,6,109,290.850531421033,9.63294646523215,290.850531421033,70.6900629957845,393650.653598166
2010,0,0,0,0,0,0.178265217391304,6,108,488.606114087899,17.3808421938872,488.606114087899,117.623539885214,410183.981049289
2011,0,0,0,0,0,0.195332608695652,5,99,360.996390266556,12.7413105320339,360.996390266556,89.8737050009168,427411.708253359
2012,0,0,0,0,0,0.19695652173913,6,108,428.364237059465,15.4996590775892,428.364237059465,111.002969781229,445363
2013,0,0,0,0,0,0.204602173913043,7,122,339.334782133679,9.24397829790746,339.334782133679,115.308403287052,464068.246
2014,0,0,0,0,0,0.193558695652174,6,116,418.074530637258,12.8116401749209,418.074530637258,135.171584082044,483559.112332
2015,7,28,450,18,0,0.186460869565217,5,99,404.071664829387,15.4246221573885,404.071664829387,98.289281541651,503868.595049944
