"year","localities","coltures","persons","houses","animals","ndvi_mean","countpix_q95","gp","max","q95","sum","sum_q95","pop"
1998,0,0,0,0,0,NA,6,118,403.065370461253,12.2649067326147,403.065370461253,113.545943159918,211234.271213546
1999,28,879,5180,416,15.2,NA,6,113,461.115033292845,14.0239845655642,461.115033292845,100.697823824765,216937.596536311
2000,0,0,0,0,0,0.172345,6,119,317.694155881397,15.29677032891,317.694155881397,103.32260705854,222794.911642792
2001,0,978,7532,724,0,0.162819565217391,6,118,390.902234352525,14.448645165996,390.902234352525,111.574695613827,228810.374257147
2002,0,0,0,0,0,0.160289130434783,7,126,348.070509547362,11.264717532751,348.070509547362,113.835665842564,234988.25436209
2003,14,585.5,2839,317,0,0.176060869565217,6,115,386.600320130327,12.7268560426614,386.600320130327,117.531931638184,241332.937229866
2004,0,0,0,0,0,0.156017391304348,6,117,344.424033232092,12.2620052478457,344.424033232092,107.116529336712,247848.926535073
2005,0,0,0,0,0,0.170263043478261,7,128,385.392942875729,11.5708101466731,385.392942875729,124.672496263346,254540.84755152
2006,36,2206,3339,85,0,0.172626086956522,6,105,360.857595291426,13.6103480409456,360.857595291426,98.1030971619907,261413.450435411
2007,0,0,0,0,0,0.174119565217391,7,124,396.415917391551,16.2031600957215,396.415917391551,127.156588739997,268471.613597167
2008,0,0,0,0,0,0.176134782608696,6,109,361.976295006173,12.7631049302334,361.976295006173,102.744333468294,275720.34716429
2009,0,0,0,0,0,0.162578260869565,7,128,329.474090753314,11.6463842239689,329.474090753314,101.90170652061,283164.796537726
2010,7,40.5,1981,213,1.2,0.169652173913043,7,131,395.538673017575,12.4474689571116,395.538673017575,120.594425877735,290810.246044245
2011,20,996,3094,60,0.45,0.177247826086957,6,109,245.367595200051,9.69808214196156,245.367595200051,83.6050127565994,298662.122687439
2012,75,2914.25,20104,269,1.13,0.16749347826087,6,120,415.474600740649,15.1712115815822,415.474600740649,128.270381017553,306726
2013,18,400.7,6863,13,16.8,0.169669565217391,7,130,338.332434411685,10.7446178532287,338.332434411685,126.084063750785,315007.602
2014,0,0,0,0,0,0.170082608695652,6,114,343.727067330128,14.4747065418785,343.727067330128,113.842548551709,323512.807254
2015,0,0,0,0,0,0.16965652173913,7,130,360.522686806931,12.6200988483642,360.522686806931,117.466059686887,332247.653049858
