"year","localities","coltures","persons","houses","animals","ndvi_mean","countpix_q95","gp","max","q95","sum","sum_q95","pop"
1998,0,0,0,0,0,NA,5,89,333.750839491352,14.3971531457947,333.750839491352,84.0907758514662,45482.0979571893
1999,0,0,0,0,0,NA,5,88,411.872594964059,14.8907014287036,411.872594964059,96.52058081696,46755.5966999906
2000,0,0,0,0,0,0.14292,4,67,295.601885040549,18.1541945077371,295.601885040549,91.716460932856,48064.7534075903
2001,0,0,0,0,0,0.143684782608696,5,86,330.419592203201,15.0898405779963,330.419592203201,111.029820292468,49410.5665030028
2002,0,0,0,0,0,0.138021739130435,5,87,311.827165875418,14.2408628689494,311.827165875418,116.991073071669,50794.0623650869
2003,0,0,0,0,0,0.137113043478261,5,91,328.912486538394,13.7369133107328,328.912486538394,99.1540544274924,52216.2961113093
2004,0,0,0,0,0,0.122617391304348,5,84,283.255515174375,15.8678117993949,283.255515174375,87.7735897607849,53678.352402426
2005,0,0,0,0,0,0.125030434782609,5,93,346.425872641766,13.9413881983734,346.425872641766,117.768600139065,55181.3462696939
2006,5,203.75,980,54,0,0.126408695652174,4,72,275.34051319373,15.0773285365911,275.34051319373,81.4143319014766,56726.4239652454
2007,0,0,0,0,0,0.139669565217391,5,93,318.506549949611,13.9772872127773,318.506549949611,99.5273460581683,58314.7638362722
2008,0,0,0,0,0,0.144982608695652,4,80,334.886813222495,12.9015651841094,334.886813222495,94.3905004211094,59947.5772236879
2009,0,0,0,0,0,0.133623913043478,5,92,273.097803188486,11.3884702199899,273.097803188486,67.4316418942622,61626.1093859511
2010,1,0,0,0,3566,0.133873913043478,5,95,300.569977917835,11.2664180988275,300.569977917835,69.654301798862,63351.6404487577
2011,0,0,0,0,0,0.138713043478261,5,93,239.575229273989,10.8114516926272,239.575229273989,80.3924396326001,65125.486381323
2012,1,0,420,100,7.7,0.12635,5,90,413.251270921592,15.3127980789701,413.251270921592,116.112990275673,66949
2013,0,0,0,0,0,0.138639130434783,5,97,336.493491466129,17.9198740069993,336.493491466129,118.872584038886,68823.572
2014,0,0,0,0,0,0.136236956521739,5,86,325.677868006241,17.7880131121419,325.677868006241,113.523567625866,70750.632016
2015,0,0,0,0,0,0.130921739130435,5,98,311.439893037444,13.0935315680389,311.439893037444,92.9983727574924,72731.649712448
