"year","localities","coltures","persons","houses","animals","ndvi_mean","countpix_q95","gp","max","q95","sum","sum_q95","pop"
1998,0,0,0,0,0,NA,5,93,327.560620520547,11.2741322672885,327.560620520547,87.8633221672929,30186.9324794271
1999,0,0,0,0,0,NA,5,90,394.390630959614,15.540912842621,394.390630959614,89.7612768800362,31394.4097786042
2000,0,0,0,0,0,0.1408025,4,65,213.578594562117,10.5248854209547,213.578594562117,58.147299973861,32650.1861697483
2001,0,0,0,0,0,0.135630434782609,4,81,317.664841890159,10.6484812860904,317.664841890159,77.576205206954,33956.1936165383
2002,0,0,0,0,0,0.12874347826087,5,93,284.82084273159,8.92011814583903,284.82084273159,65.5410579624383,35314.4413611998
2003,0,0,0,0,0,0.138991304347826,6,102,340.230722135129,12.3426337923692,340.230722135129,88.8003912827243,36727.0190156478
2004,0,0,0,0,0,0.128513043478261,5,83,253.637655514085,10.0462666965049,253.637655514085,61.6586186212042,38196.0997762737
2005,0,0,0,0,0,0.14380652173913,4,78,302.075111977041,12.0885443388768,302.075111977041,57.7817113619784,39723.9437673247
2006,0,0,0,0,0,0.13604347826087,5,98,306.610792114451,10.8807218888532,306.610792114451,66.696614711181,41312.9015180176
2007,0,0,0,0,0,0.139078260869565,5,91,277.159880087518,15.2017508304637,277.159880087518,86.023540823356,42965.4175787383
2008,0,0,0,0,0,0.15200652173913,5,89,282.471632028889,9.27556528785954,282.471632028889,60.7423152120217,44684.0342818879
2009,0,0,0,0,0,0.13264347826087,5,101,235.527441715929,6.46644586324692,235.527441715929,53.4850219837997,46471.3956531634
2010,6,0,10500,10,807,0.155260869565217,5,92,333.249243197587,12.2680301732343,333.249243197587,71.4199659979862,48330.2514792899
2011,0,0,0,0,0,0.152817391304348,5,94,266.845332502102,11.1214481794316,266.845332502102,73.3867095605187,50263.4615384615
2012,0,0,0,0,0,0.15,5,100,309.792478025817,11.1485054752101,309.792478025817,74.6238204888676,52274
2013,0,0,0,0,0,0.154036956521739,6,116,252.203503079771,8.48839988332728,252.203503079771,57.9122492930164,54364.96
2014,1,0,47,0,5.2,0.154986956521739,6,103,288.677157671503,10.3331673631202,288.677157671503,81.8819011436856,56539.5584
2015,3,0,1734,63,120.9,0.146391304347826,5,90,257.176735558752,12.5177077251932,257.176735558752,73.3537132817766,58801.140736
