"year","localities","coltures","persons","houses","animals","ndvi_mean","countpix_q95","gp","max","q95","sum","sum_q95","pop"
1998,0,0,0,0,0,NA,6,120,594.399055855823,20.6581138397217,594.399055855823,169.607289779663,269426.207202937
1999,1,0,2401,49,0,NA,6,106,530.234371647941,16.3252485580444,530.234371647941,124.987424694061,284514.074806301
2000,0,0,0,0,0,0.2317575,5,97,417.934467317787,16.8211626998901,417.934467317787,119.720497055054,300446.862995454
2001,1,0,383,0,0,0.229078260869565,7,131,539.551711269768,13.3727763137817,539.551711269768,118.878147171021,317271.8873232
2002,0,0,0,0,0,0.223719565217391,7,125,543.885530351722,15.2035485710144,543.885530351722,148.289161108017,335039.113013299
2003,0,0,0,0,0,0.239191304347826,6,109,639.897895266749,18.5643229171753,639.897895266749,159.182798149109,353801.303342044
2004,0,0,0,0,0,0.226847826086957,6,111,530.43164061151,17.2381841964722,530.43164061151,167.374714279175,373614.176329198
2005,0,0,0,0,0,0.228617391304348,5,97,536.067772531062,18.1923107315063,536.067772531062,114.774880462646,394536.570203633
2006,0,0,0,0,0,0.233584782608696,7,129,491.42813239012,14.3835147033691,491.42813239012,130.064770938873,416630.618135037
2007,0,0,0,0,0,0.226697826086957,6,111,384.507004318878,11.775330488205,384.507004318878,97.7359427452087,439961.932750599
2008,0,0,0,0,0,0.227291304347826,5,99,521.989308466328,18.0726301765442,521.989308466328,128.696869293213,464599.800984632
2009,0,0,0,0,0,0.213534782608696,7,122,405.830834598021,10.4057925115585,405.830834598021,94.7060103206635,490617.389839772
2010,2,0,2513,191,1.1,0.234097826086957,6,114,554.310820654563,17.6376669551849,554.310820654563,120.253587265015,518091.963670799
2011,0,0,0,0,0,0.237145652173913,6,104,465.696039318526,15.4414183609009,465.696039318526,125.997302001953,547105.113636364
2012,0,0,0,0,0,0.242791304347826,6,114,636.963654810259,18.167057062912,636.963654810259,133.37759803009,577743
2013,35,249.5,12144,1969,0,0.240982608695652,6,120,498.865840607272,18.8017095157623,498.865840607272,141.739579711914,610096.608
2014,19,441.5,5050,0,0,0.239036956521739,7,134,435.597848653356,15.2296545650482,435.597848653356,148.925529075623,644262.018048
2015,8,191.5,2579,207,0.8,0.222960869565217,5,100,463.37544854739,14.8708658859253,463.37544854739,99.4454276580811,680340.691058688
