"year","localities","coltures","persons","houses","animals","ndvi_mean","countpix_q95","gp","max","q95","sum","sum_q95","pop"
1998,0,0,0,0,0,NA,6,104,233.219855147887,9.5079549754696,233.219855147887,71.0557249899264,244511.282563583
1999,0,0,0,0,0,NA,6,114,298.334162407263,10.1947837705671,298.334162407263,83.0000301049079,254536.24514869
2000,0,0,0,0,0,0.1306425,6,106,188.309213003296,9.62014186617769,188.309213003296,79.6684415826091,264972.231199786
2001,0,0,0,0,0,0.136669565217391,6,117,251.542326840284,9.22537696025988,251.542326840284,82.4138141505512,275836.092678977
2002,0,0,0,0,0,0.136239130434783,7,127,214.597945595775,7.22017461179215,214.597945595775,65.3680485525249,287145.372478815
2003,0,0,0,0,0,0.138908695652174,7,134,286.111121398196,8.91848936858,286.111121398196,96.8258430429447,298918.332750446
2004,0,0,0,0,0,0.13525652173913,5,101,179.879105032003,6.73332531216704,179.879105032003,62.4290489473461,311173.984393215
2005,0,0,0,0,0,0.134547826086957,6,110,246.880129772018,9.50014067389347,246.880129772018,66.3548013149956,323932.117753337
2006,0,0,0,0,0,0.133182608695652,7,126,194.188814736715,7.07089019204363,194.188814736715,67.7437359621495,337213.334581223
2007,4,0,2791,306,0.2,0.141384782608696,6,117,192.581676048309,7.12434953448212,192.581676048309,69.9107923513577,351039.081299054
2008,0,0,0,0,0,0.140013043478261,6,118,261.324520599099,9.04651676595579,261.324520599099,72.2047511487095,365431.683632315
2009,0,0,0,0,0,0.130473913043478,7,133,139.454156030844,4.93303573043258,139.454156030844,50.2194737659008,380414.38266124
2010,3,0,2653,194,0,0.146978260869565,6,117,250.973055298149,8.69483258188506,250.973055298149,76.3784676089699,396011.37235035
2011,0,0,0,0,0,0.140921739130435,6,119,222.536920729858,6.87864719858875,222.536920729858,73.5718808692179,412247.838616715
2012,0,0,0,0,0,0.156521739130435,7,126,253.249612469494,8.74645425920133,253.249612469494,88.1918681986538,429150
2013,2,0,3151,83,0,0.155413043478261,7,138,205.321023376218,7.14078986636651,205.321023376218,78.39418669733,446745.15
2014,6,113.5,2832,0,0,0.144460869565217,6,118,193.582102771116,7.24063787101227,193.582102771116,69.4212693255625,465061.70115
2015,1,2,517,78,0,0.146547826086957,6,121,196.946796122379,5.87600773587639,196.946796122379,66.7225613888399,484129.23089715
