"year","localities","coltures","persons","houses","animals","ndvi_mean","countpix_q95","gp","max","q95","sum","sum_q95","pop"
1998,0,0,0,0,0,NA,3,55,535.201434895396,27.4832619667053,535.201434895396,116.302536010742,148229.884721086
1999,0,0,0,0,0,NA,4,64,594.911850765347,22.4958936691284,594.911850765347,106.471398353577,154603.769764093
2000,0,0,0,0,0,0.199525,3,53,452.255482436693,22.4656616210937,452.255482436693,75.5774965286255,161251.731863949
2001,0,0,0,0,0,NA,4,74,619.60213082227,24.4198066234589,619.60213082227,126.219356536865,168185.556334099
2002,0,0,0,0,0,0.22754347826087,4,69,472.479975066148,18.9333257675171,472.479975066148,88.8966445922852,175417.535256465
2003,0,0,0,0,0,0.245513043478261,4,69,586.05423040688,20.2121793746948,586.05423040688,97.2834968566895,182960.489272493
2004,0,0,0,0,0,0.211639130434783,4,73,471.814757666551,15.7883460044861,471.814757666551,87.0783653259277,190827.79031121
2005,0,0,0,0,0,0.231971739130435,3,61,518.715989761055,19.0884847640991,518.715989761055,68.7973279953003,199033.385294592
2006,0,0,0,0,0,0.214341304347826,4,78,558.162820848287,17.8616631031036,558.162820848287,97.0875129699707,207591.82086226
2007,1,0,741,47,0,0.210045652173913,4,65,445.082419589162,21.0239669799805,445.082419589162,104.161925792694,216518.269159337
2008,0,0,0,0,0,0.205123913043478,4,79,428.4443676027,14.8727852344513,428.4443676027,84.1021752357483,225828.554733188
2009,0,0,0,0,0,0.222134782608696,2,71,339.486360379015,14.4272794723511,339.486360379015,32.7206993103027,235539.182586715
2010,11,48,1879,243,0.7,NA,5,84,617.747918943875,19.0511324644089,617.747918943875,108.652102947235,245667.367437944
2011,0,0,0,0,0,0.227626086956522,4,65,463.089596658945,18.5822984695435,463.089596658945,102.288702964783,256231.064237776
2012,0,0,0,0,0,0.253439130434783,4,77,549.455933187157,19.8901718139648,549.455933187157,99.058445930481,267249
2013,0,0,0,0,0,0.220378260869565,3,68,492.7520087593,17.2237863540649,492.7520087593,127.697575092316,278740.707
2014,0,0,0,0,0,0.216376086956522,5,89,468.153783082962,19.7269899368286,468.153783082962,114.544762611389,290726.557401
2015,0,0,0,0,0,0.19810652173913,3,57,449.267952498049,18.7189811706543,449.267952498049,68.1769676208496,303227.799369243
