"year","localities","coltures","persons","houses","animals","ndvi_mean","countpix_q95","gp","max","q95","sum","sum_q95","pop"
1998,0,0,0,0,0,NA,5,98,222.142682211581,10.1537952799601,222.142682211581,60.3053645255629,20123.8226730648
1999,0,0,0,0,0,NA,6,105,226.813308711722,10.8624313362882,226.813308711722,84.922334452878,20948.8994026604
2000,0,0,0,0,0,0.1014075,6,102,127.573980290137,6.55067820211657,127.573980290137,64.6507982567958,21807.8042781695
2001,0,0,0,0,0,0.0997304347826087,6,105,177.446667384043,8.39075051745361,177.446667384043,71.5258764825608,22701.9242535744
2002,0,0,0,0,0,0.100019565217391,5,96,183.843546065695,7.76348380635211,183.843546065695,60.1095573073608,23632.703147971
2003,0,0,0,0,0,0.0999652173913044,6,113,234.780084032119,9.11885269506236,234.780084032119,81.1471753123918,24601.6439770378
2004,0,0,0,0,0,0.1005,5,92,129.699111480262,7.01198275399086,129.699111480262,54.890353918163,25610.3113800963
2005,0,0,0,0,0,0.10125,5,99,171.765570930459,7.29458815719375,171.765570930459,53.6425260123619,26660.3341466803
2006,0,0,0,0,0,0.100891304347826,6,103,136.416722752882,6.10575797961603,136.416722752882,53.8977363647953,27753.4078466942
2007,0,0,0,0,0,0.105539130434783,6,109,143.123608891739,6.96602132334388,143.123608891739,55.0218632745603,28891.2975684086
2008,0,0,0,0,0,0.104930434782609,5,97,167.707928839919,7.70794228892172,167.707928839919,48.8905096634392,30075.8407687134
2009,0,0,0,0,0,0.10165652173913,6,105,116.112786823966,4.75630632166988,116.112786823966,46.4586911723236,31308.9502402306
2010,1,0,14310,158,23820.6,0.106334782608696,5,99,194.007311902993,7.93915685111127,194.007311902993,64.5611505053959,32592.6172000801
2011,0,0,0,0,0,0.104089130434783,6,110,152.555858100567,5.95255102412966,152.555858100567,48.3396691487681,33928.9145052834
2012,0,0,0,0,0,0.104228260869565,6,107,176.787250556574,8.41162303263141,176.787250556574,58.4822376337219,35320
2013,7,0.55,1621,65,51.6,0.103817391304348,6,119,154.932528300103,7.63099654846527,154.932528300103,58.3057061213552,36768.12
2014,0,0,0,0,0,0.104547826086957,6,107,135.510264673891,6.2731461303325,135.510264673891,41.7376523529155,38275.61292
2015,0,0,0,0,0,0.102441304347826,6,112,162.554309041814,6.67182993235126,162.554309041814,55.8516672103286,39844.91304972
