"year","localities","coltures","persons","houses","animals","ndvi_mean","countpix_q95","gp","max","q95","sum","sum_q95","pop"
1998,0,0,0,0,0,NA,4,81,243.89506990734,13.2590280478341,243.89506990734,65.9088664790562,27007.3676369142
1999,0,0,0,0,0,NA,5,94,313.50145965118,13.050536343847,313.50145965118,79.9365276799883,29005.9128420459
2000,0,0,0,0,0,0.1665225,4,72,152.606398494773,6.23260740191596,152.606398494773,36.8419311537061,31152.3503923573
2001,0,0,0,0,0,0.156934782608696,5,88,167.52407503026,7.69740974044799,167.52407503026,52.2525406238011,33457.6243213917
2002,0,0,0,0,0,0.153645652173913,5,89,151.647072183126,6.86252803938729,151.647072183126,54.6246069799151,35933.4885211747
2003,0,0,0,0,0,0.169932608695652,5,93,292.85221045979,15.0215838088989,292.85221045979,98.5535581643241,38592.5666717417
2004,0,0,0,0,0,0.155891304347826,4,77,178.411678648845,12.0441347432818,178.411678648845,58.4978984533037,41448.4166054505
2005,0,0,0,0,0,0.171797826086957,5,83,236.922592522728,11.9960111237935,236.922592522728,75.5177205794198,44515.5994342539
2006,0,0,0,0,0,0.16310652173913,5,93,185.736743085957,9.44446291787284,185.736743085957,60.5587319142478,47809.7537923887
2007,3,0,1066,94,0,0.166578260869565,5,88,272.457051252793,13.1100213260651,272.457051252793,98.7123268454416,51347.6755730255
2008,0,0,0,0,0,0.157147826086957,5,92,207.555021061844,10.1122360760825,207.555021061844,57.3826785632542,55147.4035654293
2009,0,0,0,0,0,0.153152173913043,5,97,144.362655597558,6.14646952928816,144.362655597558,41.0688589804513,59228.3114292711
2010,0,0,0,0,0,0.171260869565217,6,102,214.519915824837,8.29250107451847,214.519915824837,58.6162466457912,63611.2064750372
2011,0,0,0,0,0,0.16080652173913,5,92,221.057944092953,8.72437561975207,221.057944092953,78.4873818452018,68318.4357541899
2012,7,0,496,122,1.6,0.176063043478261,6,105,361.358420394976,12.765545161111,361.358420394976,118.300409445081,73374
2013,2,0,639,82,1.6,0.16724347826087,5,91,213.638884702631,9.65192007609776,213.638884702631,78.9099318259103,78803.676
2014,0,0,0,0,0,0.163302173913043,4,77,194.140428697169,11.1590738220215,194.140428697169,73.9553193364825,84635.148024
2015,11,0,2474,315,0,0.1644,5,89,209.678318430701,10.5047027642386,209.678318430701,89.8147873851231,90898.148977776
