"year","localities","coltures","persons","houses","animals","ndvi_mean","countpix_q95","gp","max","q95","sum","sum_q95","pop"
1998,0,0,0,0,0,NA,6,103,439.122153770481,16.8483414609257,439.122153770481,130.056683845636,167643.314148705
1999,0,846.5,1491,413,0,NA,6,108,422.92378606323,12.8031030798831,422.92378606323,98.5899465985414,171331.467059976
2000,0,0,0,0,0,0.16047,6,103,342.696076652598,17.2883392040322,342.696076652598,130.948697753069,175100.759335296
2001,0,0,0,0,0,0.159645652173913,6,107,347.62807594318,14.1207720317492,347.62807594318,110.245142113872,178952.976040672
2002,0,110,0,0,0,0.151219565217391,6,108,355.605833989784,11.3376086849992,355.605833989784,115.616196675998,182889.941513567
2003,9,188,1435,68,0,0.155552173913043,6,114,454.056611803548,13.9603324677886,454.056611803548,137.895395680172,186913.520226866
2004,0,0,0,0,0,0.140467391304348,5,99,328.278519396053,15.9419508660712,328.278519396053,97.3200148896473,191025.617671857
2005,0,0,0,0,0,0.142667391304348,6,116,437.186269350706,13.223174533466,437.186269350706,113.505970236732,195228.181260638
2006,0,0,0,0,0,0.150823913043478,5,97,292.86144970229,11.7528177162496,292.86144970229,89.1680093131414,199523.201248372
2007,5,0,2051,0,0,0.153139130434783,6,102,383.799237180858,14.2252769307392,383.799237180858,119.161467799326,203912.711675836
2008,24,224,3694,282,2.3,0.149252173913043,5,99,344.863514023095,13.2813614045701,344.863514023095,89.6838395188494,208398.791332704
2009,0,0,0,0,0,0.133186956521739,6,115,277.740044477946,10.4883783003179,277.740044477946,81.0706114100247,212983.564742024
2010,14,728.51,8715,0,0,0.135947826086957,6,118,368.760491822557,12.6063381722787,368.760491822557,93.7155716651823,217669.203166348
2011,24,859.6,6642,138,12.9,0.137121739130435,6,106,278.528357207696,10.577151916376,278.528357207696,89.153414505284,222457.925636008
2012,5,3285.26,18991,133,0,0.138404347826087,6,120,445.397720044023,15.2328825652599,445.397720044023,116.127990248727,227352
2013,0,0,0,0,0,0.142960869565217,6,111,398.608001719653,16.9543345686866,398.608001719653,136.499817237621,232353.744
2014,0,0,0,0,0,0.144039130434783,6,111,352.635402845877,15.4363060520916,352.635402845877,116.05354157599,237465.526368
2015,6,0,624,132,0,0.150523913043478,6,103,413.024286018618,16.0381649002796,413.024286018618,125.302256283237,242689.767948096
