"year","localities","coltures","persons","houses","animals","ndvi_mean","countpix_q95","gp","max","q95","sum","sum_q95","pop"
1998,0,1541.1,7913,0,0,NA,8,153,734.8230381253,18.2998116396983,734.8230381253,223.86180941118,102794.214314384
1999,10,346.5,1436,18,0,NA,8,155,815.15852418757,19.9075018397165,815.15852418757,214.67660307228,106803.188672645
2000,0,0,0,0,0,0.265745,7,134,618.028647034926,19.8245924752787,618.028647034926,153.778596770873,110968.513030878
2001,0,0,198,88,0,0.258960869565217,8,143,652.823083244691,16.9725523314345,652.823083244691,190.401333386745,115296.285039082
2002,0,0,0,0,0,0.278413043478261,8,151,686.917947255586,20.2677835915067,686.917947255586,200.264743590574,119792.840155606
2003,10,361,1530,137,21.1,0.276419565217391,8,148,717.617898251693,18.5739335235106,717.617898251693,195.328522763121,124464.760921675
2004,1,50,0,0,0,0.2658,7,140,640.937968362881,18.3505432185777,640.937968362881,155.52315410999,129318.88659762
2005,0,0,0,0,0,0.273930434782609,7,139,755.600172169653,20.4194322341079,755.600172169653,172.993611744784,134362.323174928
2006,27,70,4375,0,0,0.272023913043478,7,138,643.989107778899,19.6369765916002,643.989107778899,176.738636467435,139602.45377875
2007,0,0,0,0,0,0.265845652173913,8,149,685.701918103611,19.7743779077442,685.701918103611,233.804745013561,145046.949476121
2008,0,0,0,0,0,0.26704347826087,7,136,653.004550144701,14.9237925918824,653.004550144701,202.588494718622,150703.78050569
2009,0,0,0,0,0,0.255304347826087,9,162,603.721355535101,16.6511849342136,603.721355535101,188.083985020261,156581.227945411
2010,0,0,0,0,0,0.271239130434783,9,162,705.173302893496,14.8027147343399,705.173302893496,202.630113866351,162687.895835283
2011,8,330,2548,143,0,0.252458695652174,8,142,544.154964524566,15.2267323760811,544.154964524566,177.326950095115,169032.723772859
2012,53,9912.5,50489,1267,0,0.254108695652174,8,159,709.337308015068,18.9213752147255,709.337308015068,219.633048341909,175625
2013,36,413.45,20028,843,0,0.262695652173913,9,164,639.852742206518,19.6666320319569,639.852742206518,243.915988486841,182474.375
2014,20,242.4,3915,186,0,0.267717391304348,8,159,655.094625558657,16.9545492097872,655.094625558657,175.748120172308,189590.875625
2015,10,28.05,1767,307,2.9,0.244017391304348,8,145,691.810029841845,18.1232709875894,691.810029841845,206.580553354473,196984.919774375
