"year","localities","coltures","persons","houses","animals","ndvi_mean","countpix_q95","gp","max","q95","sum","sum_q95","pop"
1998,0,0,0,0,0,NA,8,142,630.879969550251,15.88762268168,630.879969550251,179.155734823741,330098.760746529
1999,4,86.5,1078,38,0,NA,8,145,687.194749491225,15.5673407548072,687.194749491225,163.282051381377,339671.624808178
2000,12,296,404,88,0.2,0.279785,7,137,556.809513014582,20.2953912249955,556.809513014582,164.535617199141,349522.101927615
2001,0,0,0,0,0,0.275336956521739,8,144,564.110673721548,15.2529913135411,564.110673721548,175.761554072403,359658.242883516
2002,0,0,0,0,0,0.284458695652174,7,141,637.007128035969,15.3811291484898,637.007128035969,154.314827620778,370088.331927138
2003,10,16.5,1082,40,0.7,0.279278260869565,7,139,636.636868346094,16.2498011911857,636.636868346094,151.574744545717,380820.893553025
2004,0,0,0,0,0,0.270369565217391,7,138,535.755442440015,17.3692624146176,535.755442440015,150.984267919744,391864.699466062
2005,0,0,0,0,0,0.284778260869565,7,136,621.087712150511,16.8784097879613,621.087712150511,147.732485068213,403228.775750578
2006,0,0,0,0,0,0.283832608695652,7,122,600.06936167048,21.6580361172096,600.06936167048,177.390712248091,414922.410247345
2007,13,77,2976,344,0,0.26810652173913,8,142,622.565224210018,19.8583898003568,622.565224210018,206.96387521344,426955.160144518
2008,9,0,1966,0,4.8,0.272845652173913,7,131,598.657336146341,18.0728224397115,598.657336146341,158.664722372166,439336.859788709
2009,4,72.2,1826,184,12.4,0.263628260869565,8,155,532.284637183711,15.023300535982,532.284637183711,163.693404640119,452077.628722581
2010,37,185,4455,817,0,0.283363043478261,8,158,663.521881001448,14.8430795121029,663.521881001448,183.350909980302,465187.879955536
2011,3,388.15,591,70,0,0.27004347826087,7,133,474.909918823203,12.8209360617543,474.909918823203,134.345656629281,478678.328474247
2012,219,4614.9,57750,9557,0,0.27754347826087,8,151,640.387975278206,19.4241994664431,640.387975278206,207.499167517698,492560
2013,28,88.5,10242,786,0,0.268789130434783,8,148,538.318698039386,15.0457108290335,538.318698039386,189.630950170694,506844.24
2014,14,52,6458,0,0,0.27585652173913,8,146,574.364258615942,16.7372634640264,574.364258615942,161.74086415399,521542.72296
2015,2,0,1782,173,0,0.263915217391304,8,144,569.173876783559,13.7318241431541,569.173876783559,164.323840637797,536667.46192584
