"year","localities","coltures","persons","houses","animals","ndvi_mean","countpix_q95","gp","max","q95","sum","sum_q95","pop"
1998,0,0,0,0,0,NA,5,94,549.581220652298,20.2004635091261,549.581220652298,133.407259360227,141648.711700166
1999,0,0,0,0,0,NA,5,89,623.002717105419,21.7513013805043,623.002717105419,123.409065073187,146748.065321372
2000,0,0,0,0,0,0.20843,4,79,418.485936242025,18.5141579471935,418.485936242025,93.8532973029397,152030.995672942
2001,0,0,0,0,0,0.193908695652174,5,85,452.957571199824,15.6280391658436,452.957571199824,113.877315070412,157504.111517168
2002,0,0,0,0,0,0.203915217391304,5,95,471.823626933192,15.7097009329362,471.823626933192,88.2197574788874,163174.259531786
2003,0,0,0,0,0,0.212910869565217,5,92,514.798120786474,18.513088646802,514.798120786474,113.222355149009,169048.53287493
2004,0,0,0,0,0,0.193667391304348,5,90,514.742402869194,18.1129683936726,514.742402869194,116.290333080292,175134.280058427
2005,0,0,0,0,0,0.215882608695652,5,90,492.443363500751,17.2496250698783,492.443363500751,124.093421953375,181439.114140531
2006,0,0,0,0,0,0.202886956521739,5,90,550.08126663554,20.4832843797857,550.08126663554,153.902624789151,187970.92224959
2007,0,0,0,0,0,0.197121739130435,5,98,435.39744708527,18.2430159924247,435.39744708527,118.915480908481,194737.875450575
2008,0,0,0,0,0,0.19475,5,89,511.344506746679,15.7619824981689,511.344506746679,90.6173710736361,201748.438966796
2009,0,0,0,0,0,0.180326086956522,6,102,322.255739123081,10.3876705993305,322.255739123081,77.4312554272738,209011.3827696
2010,0,0,0,0,0,0.185467391304348,6,106,566.867017576484,17.0785507115451,566.867017576484,132.518401215293,216535.792549306
2011,0,0,0,0,0,0.197519565217391,4,81,425.750062490102,15.1503140362826,425.750062490102,90.938479978388,224331.081081081
2012,0,0,0,0,0,0.205191304347826,5,97,489.131112954719,19.4592504397305,489.131112954719,122.917879451405,232407
2013,2,0,2040,245,1.2,0.211002173913043,6,106,392.912961066414,14.1014750133861,392.912961066414,126.369947017323,240773.652
2014,0,0,0,0,0,0.202258695652174,6,102,506.315909294413,16.9813695734197,506.315909294413,164.087549521706,249441.503472
2015,0,0,0,0,0,0.196189130434783,5,91,461.38562741146,17.1431829799305,461.38562741146,107.710569364374,258421.397596992
