"year","localities","coltures","persons","houses","animals","ndvi_mean","countpix_q95","gp","max","q95","sum","sum_q95","pop"
1998,0,0,0,0,0,NA,7,128,824.731614761104,20.2759074863933,824.731614761104,193.480065811248,163837.487027297
1999,0,568,9359,0,0,NA,7,138,839.034069317993,20.365535235405,839.034069317993,187.946007342566,169407.961586225
2000,0,0,0,0,0,0.4127775,7,126,681.440402530071,20.3865132927895,681.440402530071,179.586965140842,175167.832280156
2001,0,0,0,0,0,0.399569565217391,6,117,797.743832266048,19.7257432710556,797.743832266048,226.999924478077,181123.538577682
2002,0,0,0,0,0,0.4097,7,135,812.255879251772,20.0069762229919,812.255879251772,172.292083853767,187281.738889323
2003,6,0,1673,241,0,0.422532608695652,7,134,879.864031922128,21.9108186080342,879.864031922128,218.178003787994,193649.31801156
2004,0,0,0,0,0,0.418602173913043,7,127,664.124538347334,16.8072787171318,664.124538347334,150.148587885357,200233.394823953
2005,0,0,0,0,0,0.403378260869565,7,130,769.244926522613,21.7883447204317,769.244926522613,181.538225690524,207041.330247967
2006,0,0,0,0,0,0.390804347826087,6,120,763.217226720389,24.6828205193792,763.217226720389,220.268406186785,214080.735476398
2007,0,0,0,0,0,0.37065652173913,7,123,780.679466263559,22.9536648818425,780.679466263559,224.446025587264,221359.480482596
2008,0,0,0,0,0,0.396239130434783,6,120,736.405171422576,19.4137459312166,736.405171422576,165.594772372927,228885.702819004
2009,0,0,0,0,0,0.404654347826087,8,147,693.150388789146,17.8541176387242,693.150388789146,205.720546887034,236667.81671485
2010,32,1775.725,14454,506,0,0.41135652173913,7,137,799.937865508357,20.9179539090111,799.937865508357,175.142107946532,244714.522483155
2011,4,0,1175,127,0,0.38630652173913,7,130,662.349827281912,17.1529912528538,662.349827281912,187.48117690427,253034.816247582
2012,97,4118,22960,1741,0,0.408802173913043,7,136,780.44302097343,21.3410037415368,780.44302097343,217.439037391118,261638
2013,25,1912.5,6217,838,0,0.396982608695652,7,140,653.000780928798,17.3873891631762,653.000780928798,175.135737850553,270533.692
2014,0,0,0,0,0,0.380826086956522,8,142,635.153327526489,16.0633880007835,635.153327526489,166.101282545498,279731.837528
2015,38,1824,30930,1117,7.1,0.368323913043478,7,126,649.150294614318,17.0684273313908,649.150294614318,196.589433352153,289242.720003952
