"year","localities","coltures","persons","houses","animals","ndvi_mean","countpix_q95","gp","max","q95","sum","sum_q95","pop"
1998,0,0,0,0,0,NA,7,125,584.779813089165,15.554096290983,584.779813089165,154.783466404882,248962.243995528
1999,0,0,0,0,0,NA,6,110,621.998817582221,17.6457653358065,621.998817582221,129.805208025307,259667.620487336
2000,0,0,0,0,0,0.2220575,5,92,497.92906383043,19.7035620520855,497.92906383043,121.388596181212,270833.328168291
2001,0,0,0,0,0,0.238113043478261,6,113,628.753807558951,18.4949261500918,628.753807558951,153.441806809656,282479.161279528
2002,0,0,0,0,0,0.241439130434783,6,119,511.353926689829,16.2265944826192,511.353926689829,119.336354305004,294625.765214548
2003,0,0,0,0,0,0.2477,6,114,629.412726904086,18.213149257775,629.412726904086,133.405312159966,307294.673118773
2004,0,0,0,0,0,0.23399347826087,6,117,490.753257084294,15.7508620541671,490.753257084294,121.451177634042,320508.34406288
2005,0,0,0,0,0,0.245065217391304,5,99,550.589129781702,18.9652164541442,550.589129781702,113.214644785585,334290.202857584
2006,0,0,0,0,0,0.229580434782609,6,121,604.00090881118,16.0410757311459,604.00090881118,143.401609979827,348664.68158046
2007,0,0,0,0,0,0.220478260869565,7,131,471.643448545899,14.0408347002391,471.643448545899,145.923875841601,363657.26288842
2008,0,0,0,0,0,0.218,6,119,485.720954148412,14.9118412322011,485.720954148412,123.560492564892,379294.525192622
2009,0,0,0,0,0,0.228545652173913,7,124,389.329208738392,12.3688266185851,389.329208738392,107.684849118364,395604.189775905
2010,3,26,1233,72,0,0.237373913043478,7,124,654.962375893273,17.1639104205987,654.962375893273,143.454417590437,412615.169936269
2011,220,0,10780,594,0,0.241667391304348,6,109,482.645434370534,16.3389228771473,482.645434370534,127.553978081407,430357.622243528
2012,1,533,518,0,0,0.255908695652174,6,117,579.781613029121,16.5874410349747,579.781613029121,134.618568979461,448863
2013,49,27.5,7292,817,0,0.24255652173913,7,124,535.503554087461,16.1513440722021,535.503554087461,224.90182364398,468164.109
2014,22,9,2902,0,0,0.235904347826087,7,136,506.02763976663,13.1032194608244,506.02763976663,152.210184397369,488295.165687
2015,3,0,566,62,0,0.212684782608696,6,118,505.064786506195,16.7889170264376,505.064786506195,130.648869086956,509291.857811541
