"year","localities","coltures","persons","houses","animals","ndvi_mean","countpix_q95","gp","max","q95","sum","sum_q95","pop"
1998,0,0,0,0,0,NA,6,116,300.690958931333,11.1226828613167,300.690958931333,94.5481319521555,14167.0454708769
1999,0,0,0,0,0,NA,6,111,334.986595833548,11.6121359998431,334.986595833548,84.7062640841344,15229.5738811927
2000,0,0,0,0,0,0.1566725,6,110,195.113008548361,8.48764068335069,195.113008548361,65.9869943055832,16371.7919222821
2001,0,0,0,0,0,0.157473913043478,6,108,253.934791904216,8.96005947108695,253.934791904216,105.430723556076,17599.6763164533
2002,0,0,0,0,0,0.144478260869565,7,130,219.964732063027,6.20387870397119,219.964732063027,64.2464928581791,18919.6520401873
2003,0,0,0,0,0,0.151717391304348,7,129,270.625064398581,9.57438391930054,270.625064398581,94.6473263844011,20338.6259432013
2004,0,0,0,0,0,0.149430434782609,5,101,197.264190053614,7.56614712880124,197.264190053614,51.7752752524768,21864.0228889414
2005,0,0,0,0,0,0.154765217391304,6,113,283.267412518059,9.97725075242733,283.267412518059,89.1498343315038,23503.8246056121
2006,0,0,0,0,0,0.158276086956522,6,110,232.46901125473,8.933336875218,232.46901125473,65.9422994343753,25266.611451033
2007,0,0,0,0,0,0.169552173913043,6,118,277.56840547881,14.1275537007495,277.56840547881,109.130626012776,27161.6073098604
2008,0,0,0,0,0,0.157632608695652,6,114,298.239108201924,9.88068558258061,298.239108201924,79.87792460184,29198.7278581
2009,0,0,0,0,0,0.14619347826087,7,139,240.642414744017,7.09066987030423,240.642414744017,69.9333208175277,31388.6324474575
2010,0,0,0,0,0,0.155982608695652,7,122,247.176353425246,7.47293684144302,247.176353425246,74.7787161464937,33742.7798810168
2011,1,0,199,9,9.3,0.156773913043478,6,117,225.55009391046,8.95138786551803,225.55009391046,74.474832894046,36273.488372093
2012,0,0,0,0,0,0.15925,7,123,302.627764746581,9.74251809945055,302.627764746581,104.299190014917,38994
2013,0,0,0,0,0,0.159765217391304,7,132,234.955609281163,6.67747865805856,234.955609281163,81.381876633634,41918.55
2014,0,0,0,0,0,0.1577,6,121,248.912097402581,9.16354378546858,248.912097402581,86.9828672995155,45062.44125
2015,0,0,0,0,0,0.150704347826087,8,142,231.021215024964,7.99168815044785,231.021215024964,87.7092116117839,48442.12434375
