"year","localities","coltures","persons","houses","animals","ndvi_mean","countpix_q95","gp","max","q95","sum","sum_q95","pop"
1998,0,0,0,0,0,NA,6,105,218.904517525547,8.45776658053616,218.904517525547,66.4992132589562,8885.55754939829
1999,0,0,0,0,0,NA,6,112,246.714670657042,8.04134938596314,246.714670657042,66.39551577609,9551.97436560316
2000,0,0,0,0,0,0.125405,6,120,111.960366731817,5.35781786618114,111.960366731817,43.244494924336,10268.3724430234
2001,0,0,0,0,0,0.124521739130435,7,123,171.190731303258,6.85559661201848,171.190731303258,77.9216850900468,11038.5003762502
2002,0,0,0,0,0,0.124491304347826,7,125,145.690849073692,5.76711925209024,145.690849073692,62.6159059174416,11866.3879044689
2003,0,0,0,0,0,0.12504347826087,7,125,177.171945496053,7.7002266391543,177.171945496053,65.3015682036981,12756.3669973041
2004,0,0,0,0,0,0.124032608695652,6,113,126.473302667383,6.32994825516948,126.473302667383,54.3362486812905,13713.0945221019
2005,1,0,70,0,0,0.123839130434783,6,109,193.73129511453,9.02119316035554,193.73129511453,73.100908777641,14741.5766112595
2006,0,0,0,0,0,0.124630434782609,6,120,139.681128157219,5.91517827651883,139.681128157219,50.6091269711957,15847.194857104
2007,1,0,220,0,0,0.128834782608696,6,118,194.270339806008,9.36839741727777,194.270339806008,77.4177577013278,17035.7344713868
2008,0,0,0,0,0,0.128713043478261,6,114,181.188855258495,5.9936354446104,181.188855258495,45.342102844524,18313.4145567408
2009,1,0,1295,259,12.6,0.126160869565217,8,146,131.912755631536,4.54041856026832,131.912755631536,55.3593649070227,19686.9206484964
2010,0,0,0,0,0,0.131660869565217,6,121,164.119221360535,6.78878495665907,164.119221360535,52.6250717219051,21163.4396971336
2011,1,0,199,9,9.3,0.129295652173913,6,118,140.148562639692,6.65712561426496,140.148562639692,65.9289340457616,22750.6976744186
2012,0,0,0,0,0,0.13084347826087,7,123,186.263843338974,7.89293316630006,186.263843338974,70.7411155592622,24457
2013,0,0,0,0,0,0.131430434782609,7,122,139.455529333146,6.95642363655431,139.455529333146,58.2619102135414,26291.275
2014,0,0,0,0,0,0.127752173913043,6,120,133.6643185986,5.89802929961499,133.6643185986,48.3121624546879,28263.120625
2015,0,0,0,0,0,0.127895652173913,9,165,149.878901465511,5.7258147310892,149.878901465511,68.1227841312421,30382.854671875
