"year","localities","coltures","persons","houses","animals","ndvi_mean","countpix_q95","gp","max","q95","sum","sum_q95","pop"
1998,0,0,0,0,0,NA,5,96,408.891228797328,12.3892032832743,408.891228797328,101.413123840484,363394.944963916
1999,2,0,13671,301,0,NA,5,94,516.426901361736,16.2964119751877,516.426901361736,104.009398373488,374660.188257798
2000,0,0,0,0,0,0.1759975,5,83,325.124596205859,15.5973500086882,325.124596205859,92.3636330377276,386274.65409379
2001,0,0,0,0,0,0.179052173913043,6,106,495.330214607471,15.9906881145228,495.330214607471,146.26355941719,398249.168370697
2002,0,0,0,0,0,0.18490652173913,6,114,387.373058640948,13.4002549623775,387.373058640948,98.1568169348708,410594.892590189
2003,0,0,0,0,0,0.191989130434783,6,111,479.080529435941,15.3537535834535,479.080529435941,104.122137753763,423323.334260484
2004,0,0,0,0,0,0.175721739130435,6,108,374.906847232538,12.9579287165793,374.906847232538,103.151808596103,436446.357622559
2005,0,0,0,0,0,0.190832608695652,5,90,427.512985896409,18.0379124603539,427.512985896409,94.8625391398635,449976.194708859
2006,0,0,0,0,0,0.184341304347826,6,107,430.806158553617,14.1450647683901,430.806158553617,109.073611324079,463925.456744833
2007,0,0,0,0,0,0.176608695652174,6,107,359.223666416743,11.9407678930559,359.223666416743,119.025685086429,478307.145903923
2008,0,0,0,0,0,0.184430434782609,6,108,369.2771237543,11.1936776487627,369.2771237543,103.934677970744,493134.667426945
2009,0,0,0,0,0,0.16695652173913,6,111,267.125587219329,9.03985531419237,267.125587219329,74.4862872685227,508421.84211718
2010,7,25,1653,110,12,0.182930434782609,6,118,461.210817945823,12.206642719017,461.210817945823,110.979072408141,524182.919222813
2011,0,0,0,0,0,0.196821739130435,6,107,383.003012678162,14.2716139410144,383.003012678162,114.072790707383,540432.58971872
2012,0,0,0,0,0,0.207465217391304,6,107,417.898061629469,15.0457518299049,417.898061629469,120.956509019727,557186
2013,24,1,5202,509,36,0.201008695652174,7,124,387.127093643048,12.6514242692528,387.127093643048,129.444856088852,574458.766
2014,4,0,886,0,0,0.186571739130435,7,125,361.187118201742,12.7944570612685,361.187118201742,117.18232105937,592266.987746
2015,1,0,26,2,0,0.183571739130435,6,104,347.045229169291,12.1892177026963,347.045229169291,88.1732981717475,610627.264366126
