"year","localities","coltures","persons","houses","animals","ndvi_mean","countpix_q95","gp","max","q95","sum","sum_q95","pop"
1998,0,0,0,0,0,NA,6,107,325.038679319803,10.3239857734128,325.038679319803,87.8569927910755,63340.0509477785
1999,0,0,0,0,0,NA,6,106,374.265695380848,12.1384736003374,374.265695380848,85.8706808230751,69990.7562972952
2000,0,0,0,0,0,0.142375,5,98,214.692437694374,9.18896219655087,214.692437694374,62.1554473816721,77339.7857085112
2001,0,0,0,0,0,0.145882608695652,5,100,300.0183373441,9.96632177744413,300.0183373441,85.0676702097843,85460.4632079049
2002,0,0,0,0,0,0.142132608695652,7,125,266.930958309682,6.87312904086866,266.930958309682,74.6453712764539,94433.8118447349
2003,0,0,0,0,0,0.14470652173913,6,118,317.218843540216,10.4524096983859,317.218843540216,71.2974904552259,104349.362088432
2004,0,0,0,0,0,0.130013043478261,6,103,239.948053333531,8.88254265599501,239.948053333531,67.2644441449015,115306.045107717
2005,0,0,0,0,0,0.149069565217391,6,112,303.829193049669,11.0798323513834,303.829193049669,81.4971334733461,127413.179844028
2006,0,0,0,0,0,0.138165217391304,7,125,278.184999207068,8.46860840034485,278.184999207068,76.1075343460786,140791.563727651
2007,0,0,0,0,0,0.156230434782609,7,127,258.994181275707,10.0725463131854,258.994181275707,119.857238780072,155574.677919054
2008,0,0,0,0,0,0.155889130434783,6,112,279.656415510928,9.78617294650329,279.656415510928,74.3980288781618,171910.019100555
2009,0,0,0,0,0,0.138204347826087,7,129,212.315602219623,5.87921306946403,212.315602219623,53.2843869693656,189960.571106113
2010,0,0,0,0,0,0.157165217391304,7,134,298.6959132999,9.22987861989674,298.6959132999,83.688400782033,209906.431072255
2011,1,52,4437,570,5.6,0.156697826086957,7,122,233.891968711307,7.06228786568892,233.891968711307,85.6707303574211,231946.606334842
2012,0,0,0,0,0,0.157652173913043,7,122,282.352080020159,9.23394323075445,282.352080020159,84.0901405997025,256301
2013,0,0,0,0,0,0.159717391304348,7,140,240.943630599581,6.73530030571787,240.943630599581,68.6042161083221,283212.605
2014,0,0,0,0,0,0.160682608695652,7,130,263.436757965674,8.71962754871971,263.436757965674,88.1115089341214,312949.928525
2015,0,0,0,0,0,0.147373913043478,7,130,226.824990081301,7.9205948388451,226.824990081301,82.6145965601269,345809.671020125
