"year","localities","coltures","persons","houses","animals","ndvi_mean","countpix_q95","gp","max","q95","sum","sum_q95","pop"
1998,0,0,0,0,0,NA,5,93,537.436988750747,17.732820527213,537.436988750747,111.972612598964,100527.502952224
1999,0,0,0,0,0,NA,4,80,649.873286076529,21.3864369474138,649.873286076529,98.8684147698539,103945.4380526
2000,0,0,0,0,0,0.20754,4,80,494.322084446158,20.506354706628,494.322084446158,96.458983203343,107479.582946388
2001,0,0,0,0,0,0.20299347826087,6,103,600.507730767686,18.4761563301086,600.507730767686,142.412313216073,111133.888766566
2002,0,0,0,0,0,0.209552173913043,5,98,520.079509310004,17.5983633395604,520.079509310004,107.141081319536,114912.440984629
2003,0,0,0,0,0,0.216245652173913,5,99,597.07089611525,20.2668124008179,597.07089611525,121.518320574079,118819.463978106
2004,0,0,0,0,0,0.213097826086957,5,90,485.940530666357,19.15292921475,485.940530666357,127.404200390407,122859.325753362
2005,0,0,0,0,0,0.222467391304348,5,88,527.884468207298,17.5924364866529,527.884468207298,109.433949279785,127036.542828976
2006,0,0,0,0,0,0.218497826086957,5,101,521.455832378964,20.3066316877093,521.455832378964,118.030924224854,131355.785285161
2007,0,0,0,0,0,0.20734347826087,5,95,423.874936362896,14.5251852090018,423.874936362896,112.455808857509,135821.881984857
2008,0,0,0,0,0,0.214776086956522,5,84,478.725450476563,17.3908286026546,478.725450476563,119.556138965062,140439.825972342
2009,0,0,0,0,0,0.211667391304348,6,107,405.924270060123,10.7163154765538,405.924270060123,89.6809282847813,145214.780055402
2010,7,303.05,3898,164,0,0.236832608695652,5,97,571.530677890099,17.4411443274362,571.530677890099,101.758032335554,150152.082577285
2011,0,0,0,0,0,0.233482608695652,5,88,490.187420285083,16.0106462131228,490.187420285083,110.337124838148,155257.253384913
2012,0,0,0,0,0,0.231571739130435,5,99,557.736659216111,18.152872932979,557.736659216111,120.817658996582,160536
2013,3,71,3033,281,0,0.231658695652174,6,105,495.629112296154,20.48920136043,495.629112296154,161.046425410679,165994.224
2014,0,0,0,0,0,0.222947826086957,6,105,464.521080740002,15.6241104016985,464.521080740002,124.341685049874,171638.027616
2015,0,0,0,0,0,0.211184782608696,5,88,443.409667904875,16.8341570513589,443.409667904875,94.9819452285767,177473.720554944
