"year","localities","coltures","persons","houses","animals","ndvi_mean","countpix_q95","gp","max","q95","sum","sum_q95","pop"
1998,0,0,0,0,0,NA,4,74,310.103005800707,14.1256523880694,310.103005800707,69.8522566027112,42052.4042273683
1999,0,0,0,0,0,NA,4,73,320.92389323932,13.3939755598704,320.92389323932,63.4236328778444,42977.5571203704
2000,0,0,0,0,0,0.14061,4,74,264.1675577039,15.310932218587,264.1675577039,80.0172074768278,43923.0633770186
2001,0,0,0,0,0,0.142954347826087,4,75,298.206277754369,17.3692277246051,298.206277754369,83.610583724799,44889.370771313
2002,0,0,0,0,0,0.13235,5,82,261.597502996929,15.3931585086717,261.597502996929,101.710701315491,45876.9369282819
2003,0,0,0,0,0,0.134060869565217,5,82,278.233708483465,10.4147149712951,278.233708483465,83.2973484639768,46886.2295407041
2004,0,0,0,0,0,0.12455652173913,4,78,245.283677381598,13.907960234748,245.283677381598,61.7101175343549,47917.7265905995
2005,0,0,0,0,0,0.117289130434783,5,94,336.486869353533,12.6604281897898,336.486869353533,79.7680236984182,48971.9165755927
2006,0,0,0,0,0,0.127530434782609,5,82,230.337511818,11.0120009453208,230.337511818,80.9604327457922,50049.2987402558
2007,0,0,0,0,0,0.137447826086957,4,80,282.460860762885,11.4694943346359,282.460860762885,64.5817465561408,51150.3833125414
2008,1,0,119,17,0,0.137208695652174,4,76,255.493539778378,10.5103524172748,255.493539778378,68.8304649061627,52275.6917454173
2009,0,0,0,0,0,0.125217391304348,5,94,220.260726389474,9.19015695850054,220.260726389474,59.4336082758727,53425.7569638165
2010,6,5.55,3262,0,2479.8,0.115678260869565,5,87,290.580453171969,9.48078477073599,290.580453171969,57.0552685304924,54601.1236170205
2011,0,0,0,0,0,0.119739130434783,4,78,252.093330176741,9.95638784401946,252.093330176741,62.1497176002573,55802.3483365949
2012,1,191,49,8,0.1,0.124386956521739,5,93,356.209288606103,14.2611998187171,356.209288606103,87.4712035126156,57030
2013,0,0,0,0,0,0.129360869565217,5,92,291.788871506614,14.2347776194414,291.788871506614,92.7204711348922,58284.66
2014,0,0,0,0,0,0.129147826086957,5,86,259.26213431681,14.319471862581,259.26213431681,90.7132971772441,59566.92252
2015,0,0,0,0,0,0.125271739130435,4,81,299.126162454211,14.617528323774,299.126162454211,73.833103939339,60877.39481544
