"year","localities","coltures","persons","houses","animals","ndvi_mean","countpix_q95","gp","max","q95","sum","sum_q95","pop"
1998,0,0,0,0,0,NA,8,148,12.3121222922491,0.496830174490313,12.3121222922491,5.58030823762694,17440.2730292784
1999,0,0,0,0,0,NA,7,130,11.9909474663735,0.480704821725731,11.9909474663735,5.46814441665429,17475.153575337
2000,0,0,0,0,0,0.088865,7,134,7.82616408574582,0.503789919343776,7.82616408574582,4.47973415011998,17510.1038824877
2001,0,0,0,0,0,0.0895869565217391,7,122,7.26961309107211,0.485486484606768,7.26961309107211,4.4769275326222,17545.1240902526
2002,0,0,0,0,0,0.0892260869565217,7,140,8.02203177042144,0.302394116199258,8.02203177042144,4.30137254038037,17580.2143384331
2003,0,0,0,0,0,0.091,9,163,10.4275036303628,0.457764510400907,10.4275036303628,5.65186018785441,17615.37476711
2004,0,0,0,0,0,0.0909913043478261,7,133,11.6740750306666,0.455773988680553,11.6740750306666,6.98649916141193,17650.6055166442
2005,0,0,0,0,0,0.0903434782608696,8,157,10.4771898145014,0.240921013249911,10.4771898145014,6.41630035625764,17685.9067276775
2006,0,0,0,0,0,0.091095652173913,7,134,9.83881382603338,0.490644857360742,9.83881382603338,5.09011189618625,17721.2785411329
2007,0,0,0,0,0,0.0911086956521739,8,145,11.7882365667529,0.640680334831924,11.7882365667529,6.13538795389016,17756.7210982151
2008,0,0,0,0,0,0.090004347826087,7,140,12.2704153510562,0.402894614059375,12.2704153510562,7.45577886797948,17792.2345404116
2009,0,0,0,0,0,0.0903130434782609,9,163,11.2815265263622,0.307515648508491,11.2815265263622,6.3552130199714,17827.8190094924
2010,0,0,0,0,0,0.0913347826086957,8,146,10.3225640419795,0.496390180022409,10.3225640419795,4.92273996595384,17863.4746475114
2011,0,0,0,0,0,0.0915913043478261,8,152,12.8161347038519,0.497048214580288,12.8161347038519,6.10684917995898,17899.2015968064
2012,0,0,0,0,0,0.0920565217391304,9,166,12.1173570453717,0.336292407148647,12.1173570453717,7.4058956990913,17935
2013,0,0,0,0,0,0.0924130434782609,9,169,10.321906857755,0.338666142634454,10.321906857755,4.64322238328343,17970.87
2014,0,0,0,0,0,0.0923695652173913,8,147,11.2497159593947,0.474547122207865,11.2497159593947,6.49847790327048,18006.81174
2015,0,0,0,0,0,0.0899478260869565,10,193,16.0834223498652,0.401867811139174,16.0834223498652,8.8413808241677,18042.82536348
