"year","localities","coltures","persons","houses","animals","ndvi_mean","countpix_q95","gp","max","q95","sum","sum_q95","pop"
1998,0,0,0,0,0,NA,6,103,467.956330006765,17.696736285357,467.956330006765,137.263146353931,266797.433394101
1999,1,0,735,15,0,NA,5,95,459.349166127931,16.0961978245557,459.349166127931,93.6422703905803,279336.912763624
2000,0,0,0,0,0,0.1971625,5,84,370.726555867701,15.629166778704,370.726555867701,105.721372511329,292465.747663514
2001,2,0,2005,471,2,0.195971739130435,6,116,482.069562152379,14.2967542729727,482.069562152379,106.290914004411,306211.637803699
2002,0,0,0,0,0,0.196095652173913,6,111,456.998096591179,13.444314822918,456.998096591179,111.460436068899,320603.584780473
2003,2,0,553,81,5.8,0.202028260869565,5,101,555.68490671927,20.226400871587,555.68490671927,128.537305459744,335671.953265155
2004,0,0,0,0,0,0.1959,5,100,418.518590994787,13.5311228160936,418.518590994787,128.931312561035,351448.535068617
2005,0,0,0,0,0,0.20199347826087,5,89,459.76144854888,18.0155115112057,459.76144854888,105.342535608183,367966.616216842
2006,0,0,0,0,0,0.19844347826087,6,116,419.418125199519,12.8756358313367,419.418125199519,107.789317828853,385261.047179034
2007,1,0,641,67,0,0.192015217391304,6,108,333.533718502435,11.4980643565092,333.533718502435,99.9647134532773,403368.316396448
2008,4,95.5,2990,229,0.69,0.1982,5,89,460.211504333268,17.2091317013996,460.211504333268,104.909171903036,422326.627267081
2009,0,0,0,0,0,0.182132608695652,6,114,321.241193545162,9.28508490934604,321.241193545162,67.7552907253668,442175.978748634
2010,5,0,0,0,0,0.203971739130435,5,100,470.724078824301,17.5768763646847,470.724078824301,92.3638693801756,462958.24974982
2011,0,0,0,0,0,0.196002173913043,5,101,402.318583774902,13.985129317617,402.318583774902,97.6261695187266,484717.287488061
2012,0,0,0,0,0,0.204260869565217,6,110,562.792166787639,18.2560130960573,562.792166787639,125.73449910947,507499
2013,63,0,13600,749,0,0.204936956521739,6,111,419.352775238383,15.7216720852425,419.352775238383,131.086514922662,531351.453
2014,0,0,0,0,0,0.195563043478261,6,105,389.281769300517,12.9596943552901,389.281769300517,129.190314033167,556324.971291
2015,5,2,1909,211,0,0.195319565217391,5,96,410.902663724174,14.2948556309793,410.902663724174,88.7939487356481,582472.244941677
