"year","localities","coltures","persons","houses","animals","ndvi_mean","countpix_q95","gp","max","q95","sum","sum_q95","pop"
1998,0,0,0,0,0,NA,6,106,462.692579854674,12.9647868410234,462.692579854674,114.981248528727,199700.088181327
1999,0,0,0,0,0,NA,5,98,499.971209686824,15.7782368690737,499.971209686824,93.5728796028322,207288.691532218
2000,0,0,0,0,0,0.1966,5,90,371.889332862177,15.8131638542298,371.889332862177,103.28529540185,215165.661810442
2001,0,0,0,0,0,0.186202173913043,5,89,412.610609223899,12.4849265867664,412.610609223899,101.136071035939,223341.956959239
2002,0,0,0,0,0,0.191510869565217,6,107,407.284653129997,11.6951837897301,407.284653129997,92.7634153596817,231828.95132369
2003,0,0,0,0,0,0.202339130434783,5,97,439.509292538176,16.0225853135509,439.509292538176,101.95281307928,240638.45147399
2004,0,0,0,0,0,0.183934782608696,5,100,401.235636041854,13.795438338672,401.235636041854,96.2714212056129,249782.712630002
2005,0,0,0,0,0,0.202132608695652,5,99,422.877349742841,16.6251932644075,422.877349742841,110.052407503128,259274.455709942
2006,0,0,0,0,0,0.196521739130435,6,109,461.834270974693,14.8140256635604,461.834270974693,124.977874155967,269126.88502692
2007,9,288.5,4935,0,0,0.186697826086957,6,110,396.479919655879,16.0015293229011,396.479919655879,116.536518846789,279353.706657943
2008,0,0,0,0,0,0.188997826086957,6,104,438.376694600308,12.2765313738777,438.376694600308,95.6480643979965,289969.147510944
2009,0,0,0,0,0,0.184086956521739,6,110,301.738911802181,8.81388069564296,301.738911802181,63.5269381576969,300987.97511636
2010,19,0,12782,0,26,0.181936956521739,6,110,460.897541814058,13.0308239504214,460.897541814058,107.474738932425,312425.518170782
2011,0,0,0,0,0,0.192154347826087,5,95,344.388718633694,12.1001697344165,344.388718633694,82.9764878365301,324297.687861272
2012,0,0,0,0,0,0.19979347826087,6,108,445.616907130299,17.5387004890749,445.616907130299,126.994689310751,336621
2013,10,0,17526,1000,0,0.193367391304348,6,116,351.533432842898,11.2783187771997,351.533432842898,109.484558597688,349412.598
2014,2,0,1585,0,0,0.191267391304348,6,121,440.580818964804,13.0548343889175,440.580818964804,134.181507729715,362690.276724
2015,0,0,0,0,0,0.196491304347826,6,108,396.254220958455,12.7716864205176,396.254220958455,118.585037619837,376472.507239512
