"year","localities","coltures","persons","houses","animals","ndvi_mean","countpix_q95","gp","max","q95","sum","sum_q95","pop"
1998,0,0,0,0,0,NA,6,104,580.185786774526,17.2479412333965,580.185786774526,141.056332907677,196395.09065226
1999,0,0,0,0,0,NA,6,105,682.832936199567,18.9512741165161,682.832936199567,146.158581151962,200912.177737262
2000,0,0,0,0,0,0.2596775,5,101,562.668437377981,23.1192356395721,562.668437377981,129.623553714752,205533.157825219
2001,0,0,0,0,0,0.247,5,99,511.904960512271,18.3884854240417,511.904960512271,123.786728572845,210260.420455199
2002,2,0,214,59,0,0.264345652173913,7,124,609.528040487204,16.5243975543976,609.528040487204,139.219306459427,215096.410125669
2003,0,0,0,0,0,0.262097826086957,6,116,631.377601152261,17.7870679426193,631.377601152261,139.655425634384,220043.627558559
2004,0,0,0,0,0,0.253530434782609,5,94,521.005279846029,18.1600890974998,521.005279846029,118.734747982025,225104.630992406
2005,5,220.5,1470,0,0,0.272302173913044,6,112,559.300272661861,19.2390832190514,559.300272661861,135.934417037964,230282.037505231
2006,0,0,0,0,0,0.256713043478261,6,106,622.29447085301,23.0299218201637,622.29447085301,159.583694829941,235578.524367851
2007,17,1245,4004,434,0,0.257178260869565,6,118,554.228513594658,20.4145413160324,554.228513594658,141.755580272675,240996.830428312
2008,1,0,238,47,0,0.252678260869565,6,109,567.76964721188,16.8083373851776,567.76964721188,143.396969790459,246539.757528163
2009,0,0,0,0,0,0.233576086956522,6,115,470.270676588662,16.1578788843155,470.270676588662,122.261086716652,252210.171951311
2010,1,0,1035,83,0,0.264565217391304,7,129,597.1065099261,14.7761825170517,597.1065099261,162.821847023964,258011.005906191
2011,1,0,224,40,0,0.25889347826087,5,98,433.796796035688,15.5489261279106,433.796796035688,101.371900272369,263945.259042033
2012,31,939.55,22351,965,0,0.263336956521739,6,107,540.661404931935,18.8374898042679,540.661404931935,151.361511268616,270016
2013,26,246,16436,627,2,0.257713043478261,6,121,488.215821297372,14.3580322694778,488.215821297372,136.299402475357,276226.368
2014,18,53,7227,0,0,0.262134782608696,6,120,580.479309242421,17.7099697270393,580.479309242421,138.156664009094,282579.574464
2015,18,394,5922,773,0,0.244504347826087,6,109,544.493210602613,16.3485142059326,544.493210602613,129.558414516449,289078.904676672
