"year","localities","coltures","persons","houses","animals","ndvi_mean","countpix_q95","gp","max","q95","sum","sum_q95","pop"
1998,0,0,0,0,0,NA,7,135,51.818109632654,1.61335795031913,51.818109632654,20.6621821817422,19054.3026202761
1999,0,0,0,0,0,NA,7,139,78.9426700910775,2.67255208968982,78.9426700910775,27.6707632531659,20464.3210141765
2000,0,0,0,0,0,0.08655,7,133,39.3648445558963,1.44430597763086,39.3648445558963,18.9749368854859,21978.6807692256
2001,0,0,0,0,0,0.0875391304347826,8,150,33.4743734340889,1.07924324435151,33.4743734340889,14.2357748571223,23605.1031461483
2002,0,0,0,0,0,0.0875130434782609,7,133,40.897285195265,1.47536832743485,40.897285195265,16.4128482128643,25351.8807789633
2003,0,0,0,0,0,0.0889826086956522,8,159,60.8618135846247,2.07176833177745,60.8618135846247,27.3742648974348,27227.9199566066
2004,0,0,0,0,0,0.0888869565217391,7,124,37.2500404187284,1.78290219917026,37.2500404187284,19.6947474393501,29242.7860333955
2005,0,0,0,0,0,0.0882173913043478,8,147,60.2931407330781,1.96700531799889,60.2931407330781,23.8951924688128,31406.7521998667
2006,0,0,0,0,0,0.0887391304347826,7,139,40.6834318881076,1.36655127738346,40.6834318881076,13.5376892267414,33730.8518626569
2007,0,0,0,0,0,0.0888130434782609,7,141,63.9848278727587,2.27567981929331,63.9848278727587,27.318080797729,36226.9349004935
2008,0,0,0,0,0,0.0881478260869565,8,142,48.0941936381579,1.69648285021204,48.0941936381579,20.5960811925607,38907.72808313
2009,0,0,0,0,0,0.0881913043478261,9,163,37.0070348285999,1.18276368836825,37.0070348285999,17.9697383886629,41786.8999612816
2010,1,0,700,80,0,0.0893391304347826,8,147,52.1613141658323,1.68147539330912,52.1613141658323,22.1489589293792,44879.1305584165
2011,0,0,0,0,0,0.089504347826087,8,146,47.1734865772565,1.50109762431942,47.1734865772565,20.7676615183284,48200.1862197393
2012,2,0,0,6,0,0.0893869565217391,9,162,74.606078029903,2.20628782653962,74.606078029903,34.3087274481031,51767
2013,0,0,0,0,0,0.0901391304347826,9,162,47.51385838645,1.24287485102616,47.51385838645,23.1438594925856,55597.758
2014,0,0,0,0,0,0.0899869565217391,7,139,39.9567765794787,1.42581815228357,39.9567765794787,21.5499738311323,59711.992092
2015,0,0,0,0,0,0.0868260869565217,8,153,47.58230842137,1.63271214213673,47.58230842137,24.6520091419698,64130.679506808
