"year","localities","coltures","persons","houses","animals","ndvi_mean","countpix_q95","gp","max","q95","sum","sum_q95","pop"
1998,0,0,0,0,0,NA,6,116,506.786624917224,14.8506989136241,506.786624917224,123.950251657199,319197.951634314
1999,1,0,196,10,0,NA,6,111,562.601697107439,16.0509360506644,562.601697107439,118.878478405522,330689.077893149
2000,1,250,813,43,0,0.209875,5,95,441.27363179094,17.4082011113759,441.27363179094,119.467412038566,342593.884697302
2001,14,275,721,137,0,0.208052173913043,6,113,587.234757515263,17.6608425826029,587.234757515263,149.75350980821,354927.264546405
2002,0,0,0,0,0,0.216580434782609,6,121,428.561994596775,13.0256157357708,428.561994596775,106.799945831299,367704.646070076
2003,0,0,0,0,0,0.218421739130435,6,109,535.431932847909,15.361734270582,535.431932847909,117.045177459717,380942.013328599
2004,0,0,0,0,0,0.200430434782609,6,118,425.915384894167,13.3052359043383,425.915384894167,103.34592256359,394655.925808428
2005,0,0,0,0,0,0.215197826086957,5,99,498.84453451748,15.8814771496393,498.84453451748,104.946870227265,408863.539137532
2006,1,20.5,402,0,0,0.205104347826087,7,123,528.377947185114,16.2134893186731,528.377947185114,156.947024850284,423582.626546483
2007,0,0,0,0,0,0.19745,6,105,442.196509300473,15.9071756119822,442.196509300473,142.409534507328,438831.601102156
2008,0,0,0,0,0,0.199060869565217,6,111,413.341621270313,12.2842592974893,413.341621270313,102.726312805625,454629.538741834
2009,0,0,0,0,0,0.191021739130435,6,119,312.207396025833,10.3016412677329,312.207396025833,84.3098250261319,470996.20213654
2010,3,0,1632,60,0.4,0.20235652173913,7,124,554.363598395859,16.1196982329188,554.363598395859,134.250758573121,487952.065413455
2011,0,0,0,0,0,0.212695652173913,5,101,405.084084204641,13.7819008609049,405.084084204641,106.024722716388,505518.33976834
2012,6,75,2023,26,0.3,0.224547826086957,6,115,490.407669043964,16.9014463574279,490.407669043964,128.522512834836,523717
2013,16,61,2929,278,37.2,0.218189130434783,7,123,429.057834543604,12.5357863868763,429.057834543604,152.862656658771,542570.812
2014,3,0,2011,0,1.2,0.201115217391304,7,128,447.14471334525,12.6768191173965,447.14471334525,149.709913300533,562103.361232
2015,15,0,5325,837,0,0.197910869565217,6,115,416.424756285771,13.4129724097408,416.424756285771,102.075520939297,582339.082236352
