"year","localities","coltures","persons","houses","animals","ndvi_mean","countpix_q95","gp","max","q95","sum","sum_q95","pop"
1998,0,0,0,0,0,NA,7,131,158.316937292114,6.44422495852655,158.316937292114,89.8109366577573,139422.994083663
1999,0,0,0,0,0,NA,7,126,171.629324910746,5.36498366958141,171.629324910746,96.5404445056245,145139.336841093
2000,0,0,0,0,0,0.08277,7,138,85.715351091697,1.94627319008555,85.715351091697,38.7573907362949,151090.049651578
2001,2,0,721,70,0,0.084095652173913,7,128,89.7298979836197,3.36748094549426,89.7298979836197,35.2063685687821,157284.741687293
2002,0,0,0,0,0,0.0838173913043478,7,134,112.733954109727,3.74588755954082,112.733954109727,41.9787786082671,163733.416096472
2003,6,0,227,51,0,0.0848391304347826,8,158,122.302003015788,3.06892804028772,122.302003015788,50.1931366449339,170446.486156427
2004,0,0,0,0,0,0.0849913043478261,6,119,88.5213724710247,3.46354813784428,88.5213724710247,44.4595594094768,177434.792088841
2005,0,0,0,0,0,0.0853695652173913,7,135,105.116782648951,4.34611927362074,105.116782648951,52.5225830075674,184709.618564483
2006,1,0,84,12,0,0.0851565217391304,7,129,92.4340164847934,2.64057508771084,92.4340164847934,34.594054139193,192282.712925627
2007,18,32.44,11732,0,0,0.0843521739130435,7,131,115.932862668248,4.54923404785586,115.932862668248,55.8300416072625,200166.304155578
2008,0,0,0,0,0,0.0839391304347826,7,130,96.894587087912,3.68635535483305,96.894587087912,42.1139231896076,208373.122625956
2009,42,0,81795,3500,0,0.0835826086956522,7,141,95.3028045874543,3.34297967451037,95.3028045874543,58.5116188952756,216916.420653621
2010,5,11.5,7995,30,12.8,0.0848826086956522,7,129,127.566081593311,4.45706758796072,127.566081593311,59.3235269013453,225809.993900419
2011,4,790.738,8379,46,0,0.0857652173913044,7,138,99.7930063777652,3.0354614361251,99.7930063777652,41.6026045105845,235068.203650336
2012,0,0,0,0,0,0.0860217391304348,7,141,116.313853258514,4.77589083208323,116.313853258514,51.1978953227983,244706
2013,39,9.95,13367,504,295.6,0.0857434782608696,9,162,96.6646599578064,2.67083332007313,96.6646599578064,47.2496738757707,254738.946
2014,0,0,0,0,0,0.0860782608695652,7,133,85.4552942390722,3.16931447312725,85.4552942390722,35.2378257764087,265183.242786
2015,25,38.234,4183,243,332.4,0.0829695652173913,8,150,135.108266079828,4.21408136077001,135.108266079828,57.0564548775604,276055.755740226
