"year","localities","coltures","persons","houses","animals","ndvi_mean","countpix_q95","gp","max","q95","sum","sum_q95","pop"
1998,0,0,0,0,0,NA,6,117,462.365708040355,13.2084456159056,462.365708040355,124.917845826355,270916.792340155
1999,4,8,931,93,0,NA,6,108,524.973065457206,14.4874572937437,524.973065457206,116.464829143003,277147.878563978
2000,0,0,0,0,0,0.2096825,6,120,378.319873078575,13.7955963250759,378.319873078575,114.122895632288,283522.27977095
2001,0,0,0,0,0,0.206636956521739,6,115,387.596303450538,12.3417319134843,387.596303450538,104.61581286252,290043.292205682
2002,4,100,797,89,4.2,0.219819565217391,7,122,392.962988384479,10.4977460696543,392.962988384479,101.164574657413,296714.287926412
2003,6,0,1115,151,6.3,0.220523913043478,6,116,442.833110030614,15.7798174525336,442.833110030614,109.097046208896,303538.71654872
2004,0,0,0,0,0,0.204021739130435,6,109,422.09068226177,14.6500914014501,422.09068226177,118.685216818782,310520.10702934
2005,4,73,420,0,0,0.225467391304348,6,115,457.662232745694,14.7460099559894,457.662232745694,124.941516531457,317662.069491015
2006,19,140.5,7500,240,0,0.226815217391304,6,110,461.128852138243,15.6949420054182,461.128852138243,120.372708149094,324968.297089308
2007,0,0,0,0,0,0.219854347826087,7,123,447.890282850801,18.402378253628,447.890282850801,161.460786447251,332442.567922362
2008,2,0,6195,0,0,0.220302173913043,6,112,454.079819858033,12.9189860207571,454.079819858033,108.453099534666,340088.746984577
2009,3,0,1315,137,0,0.198495652173913,6,119,355.042239170224,12.4670704962109,355.042239170224,88.8642605182936,347910.788165222
2010,19,97.5,9371,605,0,0.213867391304348,7,130,493.063133653292,14.3294751636416,493.063133653292,146.229774566005,355912.736293022
2011,0,0,0,0,0,0.21085652173913,6,104,312.210135411473,10.8499407222374,312.210135411473,90.2249035149169,364098.729227762
2012,14,0,4623,0,0,0.226076086956522,6,120,440.216341610607,16.5605675291672,440.216341610607,135.437947497951,372473
2013,12,141,9375,724,0.16,0.223139130434783,7,125,392.543024191028,9.3657661492876,392.543024191028,138.133426988725,381039.879
2014,10,16.5,2555,0,12.1,0.225782608695652,6,118,437.663438942504,15.9095697426967,437.663438942504,129.306966857087,389803.796217
2015,31,0,8577,1206,0,0.221645652173913,7,127,441.718923838706,15.6719276344175,441.718923838706,147.033527905992,398769.283529991
