"year","localities","coltures","persons","houses","animals","ndvi_mean","countpix_q95","gp","max","q95","sum","sum_q95","pop"
1998,0,0,0,0,0,NA,6,108,515.146976806266,16.4268277915156,515.146976806266,134.316723940324,125945.925797361
1999,5,360,4165,20,0,NA,5,99,551.426251675033,14.890188205972,551.426251675033,90.7293096075253,128968.628016498
2000,7,200,539,50,0,0.2384125,5,96,435.52380140566,15.730277964047,435.52380140566,100.573227303369,132063.875088894
2001,0,0,0,0,0,0.224339130434783,5,99,458.643673084227,17.4734741948089,458.643673084227,99.5254642038929,135233.408091027
2002,0,0,0,0,0,0.230704347826087,6,103,454.811851217881,14.4321694014024,454.811851217881,108.247152007356,138479.009885212
2003,0,0,0,0,0,0.232958695652174,5,99,471.359137890003,16.165558403852,471.359137890003,117.149652330243,141802.506122457
2004,0,0,0,0,0,0.224880434782609,5,93,436.170849984623,16.5850913261881,436.170849984623,118.909068175725,145205.766269396
2005,0,0,0,0,0,0.243323913043478,5,93,476.039020850166,15.4800446043209,476.039020850166,106.173568735317,148690.704659862
2006,0,0,0,0,0,0.248671739130435,5,89,484.242581109931,16.9666969221465,484.242581109931,107.28877437358,152259.281571698
2007,0,0,0,0,0,0.224582608695652,6,104,510.888741109923,18.7042595503282,510.888741109923,141.564241822885,155913.504329419
2008,0,0,0,0,0,0.247536956521739,5,101,463.604351733688,14.8646055338334,463.604351733688,106.292544715259,159655.428433325
2009,0,0,0,0,0,0.219582608695652,6,103,419.150254117943,16.3133629253932,419.150254117943,119.40410182914,163487.158715725
2010,0,0,0,0,0,0.22865652173913,6,114,535.671682812287,18.2988128136615,535.671682812287,147.204055173056,167410.850524902
2011,0,0,0,0,0,0.225828260869565,5,91,340.255895045743,13.7659506700477,340.255895045743,94.9312859797964,171428.7109375
2012,4,107,1683,377,0,0.24099347826087,6,104,476.857217261162,18.8403111691377,476.857217261162,149.113372598376,175543
2013,0,0,0,0,0,0.235704347826087,6,103,441.5213693014,14.1511472001368,441.5213693014,166.235024140806,179756.032
2014,0,0,0,0,0,0.237971739130435,6,104,431.203277661969,20.8652891986224,431.203277661969,138.492070996031,184070.176768
2015,6,25.5,848,81,0,0.228632608695652,6,107,485.944189301014,15.8111911287113,485.944189301014,121.676780992625,188487.861010432
