"year","localities","coltures","persons","houses","animals","ndvi_mean","countpix_q95","gp","max","q95","sum","sum_q95","pop"
1998,0,0,0,0,0,NA,5,101,392.856373498023,14.5963575458527,392.856373498023,97.4799203014374,42887.7535117913
1999,0,0,0,0,0,NA,5,91,469.969136862973,15.4277171993256,469.969136862973,90.6563030004501,44517.4881452393
2000,0,0,0,0,0,0.1884425,5,96,285.21882049989,11.3245090484619,285.21882049989,86.1495380735397,46209.1526947584
2001,0,0,0,0,0,0.196060869565217,5,87,318.339082339807,11.7838899250031,318.339082339807,85.4135998725891,47965.1004971593
2002,0,0,0,0,0,0.196517391304348,6,104,303.399657456958,8.59199259257317,303.399657456958,69.7821750259399,49787.7743160513
2003,0,0,0,0,0,0.201623913043478,4,80,379.269566934929,16.330198754549,379.269566934929,73.1207942247391,51679.7097400613
2004,0,0,0,0,0,0.180280434782609,5,85,311.881351861994,11.9205134134293,311.881351861994,76.0054803419113,53643.5387101836
2005,0,0,0,0,0,0.194176086956522,5,92,378.37543082298,14.8481388235092,378.37543082298,87.7771497964859,55681.9931811706
2006,0,0,0,0,0,0.190789130434783,5,88,389.199802129388,15.0249046294689,389.199802129388,101.399740023613,57797.9089220551
2007,0,0,0,0,0,0.192308695652174,6,105,351.469204160549,13.558848865509,351.469204160549,105.504732508659,59994.2294610932
2008,0,0,0,0,0,0.191876086956522,5,89,365.342188956661,12.7002130441666,365.342188956661,82.2582779884338,62274.0101806147
2009,0,0,0,0,0,0.181517391304348,5,99,285.401235268008,9.3607389922142,285.401235268008,58.1634399652481,64640.4225674781
2010,10,0,4298,0,27.7,0.183847826086957,5,99,392.126608898253,13.9189566669464,392.126608898253,91.4568938541412,67096.7586250422
2011,0,0,0,0,0,0.194358695652174,5,85,266.158769028719,9.81270225143433,266.158769028719,70.9177565026283,69646.4354527938
2012,0,0,0,0,0,0.193660869565217,5,96,410.59957228344,15.7994095611572,410.59957228344,110.22276017189,72293
2013,0,0,0,0,0,0.187702173913043,6,105,306.7276997434,10.364897559166,306.7276997434,89.326770195961,75040.134
2014,5,0,1426,0,0,0.191780434782609,5,94,366.126301219814,13.7092878909111,366.126301219814,101.089817399979,77891.659092
2015,10,0,4056,251,0,0.192965217391304,4,100,337.877789204811,12.1156299638748,337.877789204811,78.124489774704,80851.542137496
