"year","localities","coltures","persons","houses","animals","ndvi_mean","countpix_q95","gp","max","q95","sum","sum_q95","pop"
1998,0,0,0,0,0,NA,6,107,325.038679319803,10.3239857734128,325.038679319803,87.8569927910755,99366.7289065448
1999,0,0,0,0,0,NA,6,106,374.265695380848,12.1384736003374,374.265695380848,85.8706808230751,102049.630587021
2000,0,0,0,0,0,0.142375,5,98,214.692437694374,9.18896219655087,214.692437694374,62.1554473816721,104804.970612871
2001,0,0,0,0,0,0.145882608695652,5,100,300.0183373441,9.96632177744413,300.0183373441,85.0676702097843,107634.704819419
2002,0,0,0,0,0,0.142132608695652,7,125,266.930958309682,6.87312904086866,266.930958309682,74.6453712764539,110540.841849543
2003,0,0,0,0,0,0.14470652173913,6,118,317.218843540216,10.4524096983859,317.218843540216,71.2974904552259,113525.44457948
2004,0,0,0,0,0,0.130013043478261,6,103,239.948053333531,8.88254265599501,239.948053333531,67.2644441449015,116590.631583126
2005,0,0,0,0,0,0.149069565217391,6,112,303.829193049669,11.0798323513834,303.829193049669,81.4971334733461,119738.578635871
2006,9,90,1498,81,0,0.138165217391304,7,125,278.184999207068,8.46860840034485,278.184999207068,76.1075343460786,122971.520259039
2007,3,18,2136,284,0,0.156230434782609,7,127,258.994181275707,10.0725463131854,258.994181275707,119.857238780072,126291.751306033
2008,0,0,0,0,0,0.155889130434783,6,112,279.656415510928,9.78617294650329,279.656415510928,74.3980288781618,129701.628591296
2009,27,0,7170,148,1644.9,0.138204347826087,7,129,212.315602219623,5.87921306946403,212.315602219623,53.2843869693656,133203.572563261
2010,2,0,805,75,0,0.157165217391304,7,134,298.6959132999,9.22987861989674,298.6959132999,83.688400782033,136800.069022469
2011,0,0,0,0,0,0.156697826086957,7,122,233.891968711307,7.06228786568892,233.891968711307,85.6707303574211,140493.670886076
2012,1,0,0,6,0.6,0.157652173913043,7,122,282.352080020159,9.23394323075445,282.352080020159,84.0901405997025,144287
2013,6,13.5,2136,61,0,0.159717391304348,7,140,240.943630599581,6.73530030571787,240.943630599581,68.6042161083221,148182.749
2014,0,0,0,0,0,0.160682608695652,7,130,263.436757965674,8.71962754871971,263.436757965674,88.1115089341214,152183.683223
2015,6,29,8518,485,0,0.147373913043478,7,130,226.824990081301,7.9205948388451,226.824990081301,82.6145965601269,156292.642670021
