"year","localities","coltures","persons","houses","animals","ndvi_mean","countpix_q95","gp","max","q95","sum","sum_q95","pop"
1998,0,0,0,0,0,NA,7,133,112.377117674076,4.37527851851868,112.377117674076,48.1620438599665,20595.2953218286
1999,0,0,0,0,0,NA,7,129,129.285718226855,4.41142058258366,129.285718226855,52.4476448226773,21480.8930206672
2000,0,0,0,0,0,0.101835,7,126,78.3637084334756,2.55180508059268,78.3637084334756,31.6954418492512,22404.5714205559
2001,0,0,0,0,0,0.0968608695652174,8,143,93.3359449841634,3.38375337670674,93.3359449841634,38.8096406098795,23367.9679916398
2002,0,0,0,0,0,0.0967739130434783,8,149,97.2512621601071,3.8358569495444,97.2512621601071,40.1793150740392,24372.7906152804
2003,0,0,0,0,0,0.0973347826086957,9,171,117.661207474175,3.55984005776335,117.661207474175,46.2393962435203,25420.8206117374
2004,0,0,0,0,0,0.0984565217391304,7,131,69.4836714753408,2.07260810668466,69.4836714753408,34.9612273287078,26513.9158980421
2005,0,0,0,0,0,0.0981413043478261,7,141,112.067164488022,4.12293229057139,112.067164488022,44.4599427053147,27654.0142816579
2006,0,0,0,0,0,0.0986521739130435,7,135,82.0316090718491,2.68987844646051,82.0316090718491,27.9996803799771,28843.1368957692
2007,1,0,371,55,20,0.0995478260869565,7,135,107.945445971082,4.27708437306512,107.945445971082,52.1279492250277,30083.3917822873
2008,0,0,0,0,0,0.0984869565217391,7,137,89.975015873886,2.97107230186794,89.975015873886,35.6052199416361,31376.9776289256
2009,0,0,0,0,0,0.0978217391304348,8,143,60.7827529830075,2.0317016066932,60.7827529830075,27.0925462690604,32726.1876669694
2010,1,0,4800,19,921.6,0.0985130434782609,7,135,114.150881301187,3.99677205863114,114.150881301187,41.2923450000689,34133.4137366491
2011,0,0,0,0,0,0.0983,8,142,99.1989647529316,3.50186223586952,99.1989647529316,44.9272755825204,35601.150527325
2012,0,0,0,0,0,0.10394347826087,8,143,145.509342285054,5.48397310190466,145.509342285054,53.8423045129391,37132
2013,0,0,0,0,0,0.107389130434783,8,161,85.7757987016384,2.442023683256,85.7757987016384,37.1382367328593,38728.676
2014,0,0,0,0,0,0.102795652173913,7,139,80.3191502080368,3.29677060444652,80.3191502080368,37.1064382804475,40394.009068
2015,0,0,0,0,0,0.0983869565217391,7,139,98.7514215804508,4.46468891226742,98.7514215804508,40.4061933013206,42130.951457924
